level,prompt,answer,options
intermediate,"Em Gênesis, qual sinal Deus dá a Noé como lembrança da aliança após o dilúvio?",O arco-íris,Um altar de pedras|Uma coluna de fogo|O arco-íris
intermediate,Qual patriarca recebeu o novo nome Israel depois de lutar durante a noite?,Jacó,Jacó|Abraão|José
intermediate,"Em Gênesis, qual promessa central Deus faz a Abraão?",Que sua descendência seria numerosa e abençoaria as nações,Que ele reconstruiria Jerusalém|Que ele governaria o Egito|Que sua descendência seria numerosa e abençoaria as nações
intermediate,Qual cidade foi destruída juntamente com Gomorra por causa de sua corrupção?,Sodoma,Sodoma|Jericó|Nínive
intermediate,Qual filho de Jacó foi vendido por seus irmãos e levado ao Egito?,José,Benjamim|José|Judá
intermediate,Qual foi o sinal da aliança dado a Abraão em Gênesis 17?,Circuncisão,Sacrifício diário|Circuncisão|Batismo
intermediate,"No Êxodo, quem foi chamado por Deus na sarça ardente?",Moisés,Moisés|Arão|Josué
intermediate,Qual praga do Egito marcou a instituição da Páscoa?,Morte dos primogênitos,Águas transformadas em sangue|Morte dos primogênitos|Escuridão por três dias
intermediate,O cordeiro pascal em Êxodo deveria ser usado principalmente para quê?,Como sinal de livramento no juízo sobre o Egito,Como símbolo da monarquia de Davi|Como sinal de livramento no juízo sobre o Egito|Como oferta pelo templo em Jerusalém
intermediate,Qual mar foi atravessado por Israel na saída do Egito?,Mar Vermelho,Mar da Galileia|Mar Vermelho|Mar Morto
intermediate,"No deserto, qual alimento Deus providenciou de forma diária ao povo?",Maná,Uvas|Maná|Figos
intermediate,Qual monte está associado à entrega da Lei a Moisés?,Sinai,Sião|Carmelo|Sinai
intermediate,Qual mandamento proíbe fazer imagens para adorá-las?,Não farás para ti imagem de escultura,Honra teu pai e tua mãe|Não tomar o nome de Deus em vão|Não farás para ti imagem de escultura
intermediate,O que significa Shemá em Deuteronômio 6:4?,Ouve,Oferece|Ouve|Reina
intermediate,Qual frase resume o chamado de Deuteronômio 6 conhecido como Shemá?,"Ouve, Israel, o Senhor nosso Deus é o único Senhor","No princípio criou Deus os céus e a terra|Ouve, Israel, o Senhor nosso Deus é o único Senhor|Santo, santo, santo é o Senhor"
intermediate,"Em Levítico, qual tema aparece de forma central na vida de Israel?",A santidade de Deus e do povo,A santidade de Deus e do povo|A construção do palácio real|A queda da Babilônia
intermediate,Qual livro do Pentateuco relata longas peregrinações e recenseamentos no deserto?,Números,Números|Neemias|Rute
intermediate,O que era o tabernáculo no contexto do Êxodo?,Um santuário móvel da presença de Deus,Um santuário móvel da presença de Deus|Um palácio egípcio|Um tribunal romano
intermediate,Quem foi Arão no relato do Êxodo?,Irmão de Moisés e primeiro sumo sacerdote,Rei de Israel|Irmão de Moisés e primeiro sumo sacerdote|Profeta de Babilônia
intermediate,Qual tribo foi separada para o serviço sacerdotal e levítico?,Levi,Levi|Benjamim|Dã
intermediate,"Em Números, quem foram os dois espias que confiaram na promessa de Deus sobre Canaã?",Calebe e Josué,Calebe e Josué|Elias e Eliseu|Saul e Davi
intermediate,"Por que Moisés não entrou na terra prometida, segundo Números?",Porque desobedeceu a Deus ao ferir a rocha,Porque se tornou rei de Moabe|Porque desobedeceu a Deus ao ferir a rocha|Porque preferiu ficar no Egito
intermediate,"Qual personagem pagão tentou amaldiçoar Israel, mas acabou pronunciando bênçãos?",Balaão,Balaão|Hamã|Golias
intermediate,Qual livro termina com Moisés avistando a terra prometida antes de morrer?,Deuteronômio,Juízes|Deuteronômio|Esdras
intermediate,Qual é a ideia central do ano sabático em Israel?,Descanso da terra e cuidado social,Descanso da terra e cuidado social|Troca obrigatória de rei|Construção anual de um templo
intermediate,Qual festa judaica lembra a saída do Egito?,Páscoa,Purim|Hanucá|Páscoa
intermediate,Qual oferta no sistema levítico estava ligada à reparação de culpa?,Oferta pela culpa,Oferta pela culpa|Oferta de coroação|Oferta de incenso real
intermediate,"No relato de Caim e Abel, qual tema aparece com força?","Pecado, inveja e responsabilidade diante de Deus","Conquista de Jericó|Construção da arca|Pecado, inveja e responsabilidade diante de Deus"
intermediate,Qual árvore estava no centro da proibição dada a Adão e Eva?,Árvore do conhecimento do bem e do mal,Oliveira do Getsêmani|Cedro do Líbano|Árvore do conhecimento do bem e do mal
intermediate,Qual serpente de bronze foi levantada por Moisés no deserto para cura do povo?,Um sinal de cura pela confiança na provisão de Deus,Um ídolo cananeu oficial|Uma arma de guerra|Um sinal de cura pela confiança na provisão de Deus
intermediate,Quem intercedeu por Sodoma em Gênesis 18?,Abraão,Abraão|Isaque|Noé
intermediate,Qual filho de Abraão nasceu de Sara como cumprimento da promessa?,Isaque,Esaú|Isaque|Ismael
intermediate,Qual foi o pedido de Deus a Abraão em Gênesis 22 que provou sua fé?,Oferecer Isaque,Oferecer Isaque|Construir uma torre|Voltar ao Egito
intermediate,Qual nome foi dado ao lugar onde Deus proveu o cordeiro no lugar de Isaque?,O Senhor proverá,O Senhor proverá|Betel|Babel
intermediate,Quem recebeu o direito de primogenitura de Esaú por meio de uma negociação?,Jacó,José|Rúben|Jacó
intermediate,Qual sonho de Jacó marcou Betel como lugar de encontro com Deus?,Escada entre céu e terra,Vale de ossos secos|Escada entre céu e terra|Estátua com pés de barro
intermediate,Qual irmão de José se ofereceu como substituto por Benjamim diante de José?,Judá,Levi|Simeão|Judá
intermediate,Qual frase de José resume sua visão da providência em Gênesis 50?,"Vocês intentaram o mal, mas Deus o tornou em bem","O Senhor abandonou Israel|Minha casa servirá ao faraó|Vocês intentaram o mal, mas Deus o tornou em bem"
intermediate,Qual é o primeiro livro da Bíblia hebraica e cristã?,Gênesis,Êxodo|Levítico|Gênesis
intermediate,Qual personagem é conhecido por construir uma arca por ordem de Deus?,Noé,Melquisedeque|Noé|Abraão
intermediate,Qual líder conduziu Israel na travessia do Jordão depois da morte de Moisés?,Josué,Josué|Gideão|Samuel
intermediate,"Qual cidade caiu após Israel rodeá-la por sete dias, segundo Josué?",Jericó,Hebrom|Jericó|Ai
intermediate,Quem foi Acã no livro de Josué?,Um israelita que tomou coisas condenadas em Jericó,Um sacerdote fiel|Um israelita que tomou coisas condenadas em Jericó|Um rei de Moabe
intermediate,Qual expressão aparece repetidamente em Juízes para descrever a crise espiritual de Israel?,Cada um fazia o que parecia reto aos seus olhos,O Senhor edificou a casa|Cada um fazia o que parecia reto aos seus olhos|Sede santos porque eu sou santo
intermediate,Qual juiz derrotou os midianitas com um pequeno exército?,Gideão,Gideão|Eli|Sansão
intermediate,Qual juíza e profetisa liderou Israel em Juízes 4?,Débora,Débora|Abigail|Noemi
intermediate,Qual juiz ficou conhecido por sua força extraordinária e conflito com os filisteus?,Sansão,Sansão|Otniel|Jefté
intermediate,"Quem disse: ""Teu povo será o meu povo, teu Deus será o meu Deus""?",Rute,Ana|Rute|Ester
intermediate,Qual parente resgatador se casa com Rute?,Boaz,Elimeleque|Obede|Boaz
intermediate,Quem foi a mãe de Samuel?,Ana,Ana|Miriã|Rebeca
intermediate,Qual sacerdote criou Samuel no tabernáculo em Siló?,Eli,Zadoque|Eli|Abiatar
intermediate,Quem foi o primeiro rei de Israel?,Saul,Davi|Saul|Salomão
intermediate,Qual profeta ungiu Davi como rei?,Samuel,Samuel|Eliseu|Natã
intermediate,Qual gigante filisteu foi derrotado por Davi?,Golias,Senaqueribe|Golias|Nabucodonosor
intermediate,Qual cidade Davi conquistou e tornou capital do reino?,Jerusalém,Samaria|Siquém|Jerusalém
intermediate,Qual profeta confrontou Davi após seu pecado com Bate-Seba?,Natã,Natã|Samuel|Elias
intermediate,Quem construiu o primeiro templo em Jerusalém?,Salomão,Ezequias|Salomão|Davi
intermediate,Qual rainha visitou Salomão para ouvir sua sabedoria?,Rainha de Sabá,Rainha de Sabá|Jezabel|Atalia
intermediate,"Após Salomão, o reino se dividiu em quais dois reinos?",Israel ao norte e Judá ao sul,Israel ao norte e Judá ao sul|Assíria ao norte e Egito ao sul|Moabe ao norte e Edom ao sul
intermediate,Quem foi o primeiro rei do reino do norte após a divisão?,Jeroboão,Jeroboão|Roboão|Acabe
intermediate,Qual rei de Judá realizou reformas e encontrou o livro da Lei no templo?,Josias,Josias|Acaz|Manassés
intermediate,Qual rei de Judá recebeu a visita do profeta Isaías durante a ameaça assíria?,Ezequias,Onri|Saul|Ezequias
intermediate,Qual reino conquistou Samaria e levou Israel ao exílio em 722 a.C.?,Assíria,Assíria|Babilônia|Pérsia
intermediate,Qual império destruiu Jerusalém e levou Judá ao exílio em 586 a.C.?,Babilônia,Grécia|Babilônia|Roma
intermediate,Qual rei babilônico está ligado à destruição de Jerusalém?,Nabucodonosor,Ciro|Nabucodonosor|Alexandre
intermediate,Qual rei persa autorizou o retorno dos judeus do exílio?,Ciro,Ciro|Herodes|Faraó Neco
intermediate,Quem liderou a reconstrução dos muros de Jerusalém?,Neemias,Esdras|Daniel|Neemias
intermediate,"Quem era escriba e sacerdote, ligado à leitura e ensino da Lei após o exílio?",Esdras,Zorobabel|Esdras|Mardoqueu
intermediate,Qual mulher se tornou rainha e intercedeu pelo povo judeu na Pérsia?,Ester,Ester|Raquel|Abisague
intermediate,Quem criou Ester como filha?,Mardoqueu,Assuero|Hamã|Mardoqueu
intermediate,Qual inimigo planejou destruir os judeus no livro de Ester?,Hamã,Hamã|Sambalate|Tobias
intermediate,Qual festa judaica é ligada ao livramento narrado em Ester?,Purim,Tabernáculos|Pentecostes|Purim
intermediate,Quem foi o profeta que enfrentou os profetas de Baal no monte Carmelo?,Elias,Eliseu|Jonas|Elias
intermediate,Quem sucedeu Elias como profeta em Israel?,Eliseu,Amós|Isaías|Eliseu
intermediate,Qual rei de Israel é frequentemente associado à influência de Jezabel e ao culto a Baal?,Acabe,Josafá|Joás|Acabe
intermediate,Qual comandante sírio foi curado de lepra após procurar Eliseu?,Naamã,Sísera|Naamã|Gesém
intermediate,"Qual casal mentiu sobre o preço de uma propriedade em Atos, mas a pergunta remete ao padrão de juízo comunitário semelhante ao de Acã?",Ananias e Safira,Ananias e Safira|Zacarias e Isabel|Priscila e Áquila
intermediate,Qual líder pediu sabedoria a Deus para governar o povo?,Salomão,Salomão|Saul|Absalão
intermediate,Qual filho de Davi se rebelou contra ele?,Absalão,Absalão|Adonias|Amnom
intermediate,Qual personagem permaneceu fiel a Davi durante a fuga e aparece como símbolo de lealdade em 2 Samuel?,"Itai, o geteu","Geazi|Doegue|Itai, o geteu"
intermediate,Qual é o gênero literário predominante de Cantares de Salomão?,Poesia amorosa,Poesia amorosa|Poesia apocalíptica|Crônica militar
intermediate,Qual livro bíblico trabalha intensamente o problema do sofrimento do justo?,Jó,Jó|Provérbios|Rute
intermediate,Quem são os principais interlocutores humanos de Jó ao longo do livro?,Seus amigos,Seus amigos|Os apóstolos|Os reis de Judá
intermediate,Qual frase resume o início da sabedoria em Provérbios?,O temor do Senhor é o princípio da sabedoria,O rei sempre tem razão|O amor ao dinheiro é sinal da bênção|O temor do Senhor é o princípio da sabedoria
intermediate,Qual livro apresenta muitos cânticos usados na adoração de Israel?,Salmos,Crônicas|Salmos|Jonas
intermediate,"Qual salmo começa com ""O Senhor é o meu pastor""?",Salmo 23,Salmo 119|Salmo 23|Salmo 1
intermediate,Qual salmo contrasta o justo como árvore junto a águas com o ímpio como palha?,Salmo 1,Salmo 90|Salmo 1|Salmo 51
intermediate,Qual salmo é conhecido pela confissão de Davi após seu pecado?,Salmo 51,Salmo 2|Salmo 150|Salmo 51
intermediate,Qual salmo é o mais longo da Bíblia e exalta a Palavra de Deus?,Salmo 119,Salmo 8|Salmo 119|Salmo 23
intermediate,O livro de Eclesiastes é associado a qual reflexão central?,A busca de sentido diante da transitoriedade da vida,A genealogia de Jesus|A busca de sentido diante da transitoriedade da vida|A reconstrução dos muros de Jerusalém
intermediate,Qual expressão aparece repetidamente em Eclesiastes para indicar a fragilidade da vida?,Vaidade ou vapor,Vaidade ou vapor|Terra prometida|Filho do Homem
intermediate,Qual livro poético descreve a excelência da mulher virtuosa no capítulo 31?,Provérbios,Jó|Lamentações|Provérbios
intermediate,"Em Provérbios, qual figura personifica a sabedoria chamando nas ruas?",A mulher Sabedoria,A mulher Sabedoria|A filha de Faraó|A rainha de Sabá
intermediate,Qual livro contém lamentos poéticos sobre a destruição de Jerusalém?,Lamentações,Ageu|Cantares|Lamentações
intermediate,Qual estrutura literária aparece em Lamentações com uso do alfabeto hebraico?,Acróstico,Epístola|Acróstico|Parábola
intermediate,"Qual livro declara que ""as misericórdias do Senhor são a causa de não sermos consumidos""?",Lamentações,Lamentações|Marcos|Levítico
intermediate,Qual tema aparece em Cantares de Salomão de forma mais evidente?,"Amor, desejo e aliança humana","A perseguição romana|A queda de Samaria|Amor, desejo e aliança humana"
intermediate,O que caracteriza os salmos imprecatórios?,Pedidos de justiça contra inimigos,Listas genealógicas|Pedidos de justiça contra inimigos|Oração por colheita anual
intermediate,Qual tipo de salmo celebra Deus como rei e criador?,Salmo de louvor ou entronização,Salmo sapiencial apenas|Salmo de louvor ou entronização|Salmo de maldição apenas
intermediate,"Qual tipo de salmo expressa dor, queixa e confiança em Deus?",Lamento,Genealogia|Lamento|Decreto real
intermediate,Qual livro sapiencial termina lembrando que temer a Deus e guardar seus mandamentos é o dever humano?,Eclesiastes,Eclesiastes|Jó|Cantares
intermediate,"Em Jó, quem finalmente responde a Jó do meio de um redemoinho?",Deus,Satanás|Deus|Eliú
intermediate,Qual personagem em Jó acusa o justo de servir a Deus apenas por interesse?,Satanás,Elifaz|Eliú|Satanás
intermediate,Qual tema de Provérbios se repete em conselhos sobre fala?,O poder da língua e das palavras,O calendário romano|A arquitetura do templo|O poder da língua e das palavras
intermediate,Qual ideia aparece em Provérbios sobre disciplina?,É parte da formação sábia,É proibida pela Lei|É parte da formação sábia|É sempre sinal de rejeição
intermediate,"Qual salmo pergunta ""Que é o homem, para que dele te lembres""?",Salmo 8,Salmo 137|Salmo 2|Salmo 8
intermediate,Qual salmo messiânico fala do rei ungido e das nações?,Salmo 2,Salmo 73|Salmo 42|Salmo 2
intermediate,"Qual salmo registra o lamento ""Deus meu, Deus meu, por que me desamparaste""?",Salmo 22,Salmo 127|Salmo 24|Salmo 22
intermediate,Qual livro afirma que há tempo para todo propósito debaixo do céu?,Eclesiastes,Esdras|Eclesiastes|Naum
intermediate,Qual é a diferença básica entre Provérbios e Jó na sabedoria bíblica?,Provérbios mostra padrões de sabedoria – Jó mostra que a vida nem sempre parece simples,Provérbios é apocalíptico – Jó é evangelho|Provérbios nega a justiça – Jó nega Deus|Provérbios mostra padrões de sabedoria – Jó mostra que a vida nem sempre parece simples
intermediate,Qual livro poético apresenta a criação como sinal da grandeza de Deus em discursos finais?,Jó,Cantares|Rute|Jó
intermediate,Qual salmo é conhecido por celebrar a entrada do Rei da glória?,Salmo 24,Salmo 14|Salmo 24|Salmo 88
intermediate,"Qual salmo inicia e termina com ""Ó Senhor, Senhor nosso, quão magnífico em toda a terra é o teu nome""?",Salmo 8,Salmo 46|Salmo 8|Salmo 91
intermediate,Qual expressão de Eclesiastes aponta para a limitação da vida humana diante de Deus?,Debaixo do sol,No terceiro céu|Debaixo do sol|No caminho de Damasco
intermediate,Qual livro bíblico é tradicionalmente associado a máximas curtas de sabedoria prática?,Provérbios,Atos|Jeremias|Provérbios
intermediate,"Qual profeta teve uma visão do Senhor no templo e disse ""Eis-me aqui, envia-me a mim""?",Isaías,Isaías|Jeremias|Oséias
intermediate,Qual profeta é conhecido como o profeta chorão por seus lamentos sobre Judá?,Jeremias,Amós|Jeremias|Jonas
intermediate,Qual profeta teve visões junto ao rio Quebar no exílio babilônico?,Ezequiel,Daniel|Ezequiel|Ageu
intermediate,Qual profeta interpretou sonhos na corte da Babilônia?,Daniel,Daniel|Obadias|Miquéias
intermediate,Qual profeta foi enviado a Nínive?,Jonas,Jonas|Sofonias|Naum
intermediate,Qual profeta anunciou que o justo viverá pela fé?,Habacuque,Habacuque|Zacarias|Ageu
intermediate,Qual profeta denuncia de modo forte a injustiça social no reino do norte?,Amós,Joel|Amós|Obadias
intermediate,Qual profeta se casa com Gômer como sinal da infidelidade de Israel?,Oséias,Malaquias|Naum|Oséias
intermediate,Qual profeta anuncia que de Belém sairia o governante de Israel?,Miquéias,Jonas|Isaías|Miquéias
intermediate,Qual profeta fala do derramamento do Espírito sobre toda carne?,Joel,Obadias|Amós|Joel
intermediate,Qual profeta apresenta a visão do vale de ossos secos?,Ezequiel,Daniel|Isaías|Ezequiel
intermediate,"Qual profeta viu serafins proclamando ""Santo, santo, santo""?",Isaías,Elias|Jonas|Isaías
intermediate,Qual profeta comprou um campo durante o cerco de Jerusalém como sinal de esperança futura?,Jeremias,Naum|Ezequiel|Jeremias
intermediate,Qual profeta falou de uma nova aliança escrita no coração?,Jeremias,Ageu|Obadias|Jeremias
intermediate,Qual profeta confrontou Davi com a parábola da cordeirinha?,Natã,Gade|Isaías|Natã
intermediate,Qual profeta confrontou Acabe após a vinha de Nabote?,Elias,Malaquias|Eliseu|Elias
intermediate,Qual profeta menor termina o Antigo Testamento cristão falando sobre o envio de Elias?,Malaquias,Sofonias|Malaquias|Zacarias
intermediate,Qual profeta encorajou a reconstrução do templo após o exílio?,Ageu,Ageu|Amós|Jonas
intermediate,Qual profeta pós-exílico teve visões simbólicas e falou do Renovo?,Zacarias,Naum|Zacarias|Oséias
intermediate,Qual profeta denuncia Edom especialmente por sua violência contra Judá?,Obadias,Obadias|Habacuque|Miquéias
intermediate,Qual profeta anuncia juízo contra Nínive depois de Jonas?,Naum,Ageu|Sofonias|Naum
intermediate,"Qual profeta apresenta o tema ""o dia do Senhor"" de modo marcante e universal?",Sofonias,Malaquias|Jonas|Sofonias
intermediate,Qual profeta perguntou por que Deus parecia tolerar o mal e recebeu resposta sobre fé e juízo?,Habacuque,Amós|Isaías|Habacuque
intermediate,Qual império aparece no pano de fundo de Daniel 1 como conquistador de Judá?,Babilônia,Roma|Assíria|Babilônia
intermediate,"Qual profeta é chamado desde o ventre, segundo o relato de sua vocação?",Jeremias,Ageu|Zacarias|Jeremias
intermediate,Qual objeto simbólico em Jeremias representa a submissão ao jugo da Babilônia?,Jugo,Cajado de ouro|Jugo|Escada
intermediate,Qual livro profético contém cânticos do Servo do Senhor?,Isaías,Jonas|Naum|Isaías
intermediate,Qual capítulo de Isaías é frequentemente lido como profecia do Servo Sofredor?,Isaías 53,Isaías 6|Isaías 40|Isaías 53
intermediate,Qual profeta vê a glória de Deus deixando o templo por causa da idolatria?,Ezequiel,Oséias|Amós|Ezequiel
intermediate,Qual personagem em Daniel foi lançado na cova dos leões?,Daniel,Sadraque|Dario|Daniel
intermediate,Quais três jovens foram lançados na fornalha ardente em Daniel?,"Sadraque, Mesaque e Abede-Nego","Caim, Abel e Sete|Sadraque, Mesaque e Abede-Nego|Elias, Eliseu e Jeú"
intermediate,Qual profeta menor usa uma praga de gafanhotos como imagem de juízo e chamado ao arrependimento?,Joel,Joel|Malaquias|Obadias
intermediate,Qual profeta acusa sacerdotes de oferecerem sacrifícios defeituosos?,Malaquias,Jonas|Ageu|Malaquias
intermediate,"Qual profeta diz: ""Corra o juízo como as águas, e a justiça como ribeiro perene""?",Amós,Naum|Amós|Ageu
intermediate,Qual profeta fala de espadas transformadas em arados em visão de paz?,Isaías,Isaías|Oséias|Malaquias
intermediate,"Qual profeta menor é conhecido pela pergunta: ""Com que me apresentarei ao Senhor?""",Miquéias,Sofonias|Joel|Miquéias
intermediate,Qual profeta é engolido por um grande peixe?,Jonas,Obadias|Jonas|Naum
intermediate,Qual profeta teve uma visão de quatro animais simbolizando reinos?,Daniel,Ageu|Ezequiel|Daniel
intermediate,Qual profeta falou contra os pastores infiéis de Israel e prometeu que Deus pastorearia seu povo?,Ezequiel,Ezequiel|Amós|Jonas
intermediate,Qual profeta anunciou que Deus tiraria o coração de pedra e daria coração de carne?,Ezequiel,Isaías|Ezequiel|Oséias
intermediate,"Qual profeta denunciou a religião vazia com a frase ""misericórdia quero, e não sacrifício""?",Oséias,Naum|Joel|Oséias
intermediate,"Qual livro profético começa com ""Consolai, consolai o meu povo"" em sua grande seção de esperança?",Isaías,Lamentações|Jeremias|Isaías
intermediate,Qual profeta usa a imagem de uma vara de amendoeira na sua chamada?,Jeremias,Amós|Zacarias|Jeremias
intermediate,Qual profeta teve uma visão de um rolo voante entre seus símbolos?,Zacarias,Ezequiel|Daniel|Zacarias
intermediate,Qual profeta fala do mensageiro que prepararia o caminho do Senhor?,Malaquias,Malaquias|Obadias|Jonas
intermediate,"Por que Mateus, Marcos e Lucas são chamados de evangelhos sinóticos?",Porque podem ser vistos em conjunto por semelhanças de estrutura e conteúdo,Porque podem ser vistos em conjunto por semelhanças de estrutura e conteúdo|Porque foram escritos pelo mesmo autor|Porque não falam de Jesus
intermediate,Qual evangelho começa com a genealogia de Jesus ligada a Abraão e Davi?,Mateus,Mateus|Marcos|João
intermediate,Qual evangelho começa apresentando Jesus como o Verbo?,João,Marcos|Lucas|João
intermediate,Qual evangelho é tradicionalmente associado a uma ênfase na ação rápida de Jesus?,Marcos,João|Marcos|Mateus
intermediate,"Qual evangelho também escreveu Atos, segundo a tradição cristã?",Lucas,Mateus|Marcos|Lucas
intermediate,Quem batizou Jesus no rio Jordão?,João Batista,João Batista|Pedro|Tiago
intermediate,Qual tentação de Jesus envolve transformar pedras em pães?,Tentação no deserto,Transfiguração|Entrada triunfal|Tentação no deserto
intermediate,Em qual monte Jesus foi transfigurado diante de alguns discípulos?,Monte da transfiguração,Monte Sinai|Monte da transfiguração|Monte Carmelo
intermediate,"Quais discípulos estavam com Jesus na transfiguração, segundo os sinóticos?","Pedro, Tiago e João","Pedro, Tiago e João|André, Mateus e Judas|Tomé, Filipe e Bartolomeu"
intermediate,Qual parábola apresenta um samaritano como exemplo de amor ao próximo?,Bom Samaritano,Semeador|Filho Pródigo|Bom Samaritano
intermediate,"Qual parábola fala de um filho que sai de casa, desperdiça seus bens e retorna ao pai?",Filho Pródigo,Dez Virgens|Filho Pródigo|Talentos
intermediate,Qual parábola compara diferentes respostas à Palavra a tipos de solo?,Semeador,Fariseu e Publicano|Dracma Perdida|Semeador
intermediate,"Em João 3, quem conversa com Jesus à noite sobre nascer de novo?",Nicodemos,Nicodemos|José de Arimateia|Zaqueu
intermediate,"Em João 4, Jesus conversa com uma mulher de qual povo?",Samaritano,Romano|Samaritano|Filisteu
intermediate,Por que a relação entre judeus e samaritanos era marcada por tensão no tempo de Jesus?,"Por conflitos históricos, religiosos e étnicos entre os grupos","Porque os samaritanos governavam Roma|Por conflitos históricos, religiosos e étnicos entre os grupos|Porque falavam línguas totalmente diferentes"
intermediate,Qual publicano subiu em uma árvore para ver Jesus?,Zaqueu,Zaqueu|Simão|Mateus
intermediate,O que caracteriza o cargo de publicano nos evangelhos?,"Cobrador de impostos, muitas vezes visto como colaborador de Roma","Cobrador de impostos, muitas vezes visto como colaborador de Roma|Escriba responsável pelo cânon|Soldado do templo"
intermediate,Qual discípulo era cobrador de impostos antes de seguir Jesus?,Mateus,Mateus|Tiago|André
intermediate,"Qual apóstolo, chamado Zelote, pertencia a um grupo político judaico radical antes de seguir Jesus?",Simão,João|Filipe|Simão
intermediate,Qual discípulo negou Jesus três vezes antes do galo cantar?,Pedro,Tomé|Pedro|Judas
intermediate,Qual discípulo é conhecido por duvidar até ver as marcas de Jesus ressuscitado?,Tomé,Tomé|Tiago|Natanael
intermediate,Quem traiu Jesus por trinta moedas de prata?,Judas Iscariotes,Mateus|Simão Pedro|Judas Iscariotes
intermediate,Qual autoridade romana condenou Jesus à crucificação?,Pôncio Pilatos,Herodes Agripa|Pôncio Pilatos|Gamaliél
intermediate,"Qual grupo judaico negava a ressurreição, segundo o Novo Testamento?",Saduceus,Saduceus|Fariseus|Zelotes
intermediate,Quem eram os saduceus no judaísmo do primeiro século?,"Grupo ligado à elite sacerdotal, ao templo e que negava a ressurreição","Grupo ligado à elite sacerdotal, ao templo e que negava a ressurreição|Comunidade de pescadores da Galileia|Movimento monástico do deserto"
intermediate,Quem eram os fariseus no contexto do Novo Testamento?,"Grupo judaico dedicado à Lei, tradições e pureza religiosa","Grupo judaico dedicado à Lei, tradições e pureza religiosa|Sacerdotes romanos do imperador|Soldados galileus"
intermediate,Qual grupo religioso era conhecido por copiar e ensinar a Lei?,Escribas,Escribas|Publicanos|Herodianos
intermediate,Qual sermão de Jesus começa com as bem-aventuranças?,Sermão do Monte,Sermão de Pentecostes|Sermão do Monte|Discurso do Cenáculo
intermediate,Qual frase de Jesus em Mateus 5 descreve os discípulos como testemunhas visíveis?,Vós sois a luz do mundo,"Vós sois a luz do mundo|Eu sou a videira verdadeira|Pai, perdoa-lhes"
intermediate,Qual oração foi ensinada por Jesus aos discípulos?,Pai nosso,Pai nosso|Cântico de Moisés|Oração de Jabez
intermediate,Qual milagre de Jesus envolve a multiplicação de pães e peixes?,Alimentação da multidão,Transformação da água em sangue|Alimentação da multidão|Cura do paralítico descido pelo telhado
intermediate,Qual foi o primeiro sinal de Jesus em João?,Transformar água em vinho em Caná,Ressuscitar Lázaro|Transformar água em vinho em Caná|Andar sobre o mar
intermediate,Qual amigo de Jesus foi ressuscitado em João 11?,Lázaro,Jairo|Estevão|Lázaro
intermediate,Qual mulher ungiu os pés de Jesus e os enxugou com seus cabelos em Lucas 7?,Uma mulher pecadora anônima,"Maria, mãe de Jesus|Uma mulher pecadora anônima|Dorcas"
intermediate,Qual discípula foi a primeira testemunha do Cristo ressuscitado em João?,Maria Madalena,Marta|Maria Madalena|Safira
intermediate,Qual cidade foi o local da crucificação de Jesus?,Jerusalém,Nazaré|Jerusalém|Cafarnaum
intermediate,"Qual expressão Jesus usa em João para se revelar em declarações como ""Eu sou o pão da vida""?",Eu sou,Assim diz o Senhor|Eu sou|Filho de Davi somente
intermediate,"Qual título de Jesus em Marcos destaca sofrimento, autoridade e missão?",Filho do Homem,Anjo do templo|Filho do Homem|Sumo escriba
intermediate,Qual evangelho enfatiza fortemente Jesus como cumprimento das Escrituras judaicas?,Mateus,Mateus|Lucas|Marcos
intermediate,Qual evangelho contém parábolas como o Bom Samaritano e o Filho Pródigo?,Lucas,Marcos|João|Lucas
intermediate,Qual evangelho organiza sinais de Jesus para conduzir à fé?,João,Marcos|João|Mateus
intermediate,"Qual rei tentou matar Jesus ainda criança, segundo Mateus?","Herodes, o Grande","Herodes, o Grande|Herodes Antipas|César Augusto"
intermediate,Qual casal recebeu a promessa do nascimento de João Batista?,Zacarias e Isabel,Zacarias e Isabel|Áquila e Priscila|José e Maria
intermediate,Qual anjo anunciou a Maria o nascimento de Jesus?,Gabriel,Gabriel|Miguel|Rafael
intermediate,Qual cidade é associada ao nascimento de Jesus?,Belém,Belém|Nazaré|Cafarnaum
intermediate,Qual cidade é associada à criação de Jesus?,Nazaré,Nazaré|Belém|Jericó
intermediate,"Em Lucas 24, para onde caminhavam dois discípulos quando encontraram o Cristo ressuscitado?",Emaús,Betânia|Samaria|Emaús
intermediate,Qual gesto fez os discípulos de Emaús reconhecerem Jesus?,O partir do pão,A pesca milagrosa|A leitura do decreto romano|O partir do pão
intermediate,Qual evangelho registra o lava-pés de Jesus no cenáculo?,João,Marcos|João|Mateus
intermediate,Qual discípulo cortou a orelha do servo do sumo sacerdote?,Pedro,João|Tiago|Pedro
intermediate,Qual prisioneiro foi solto no lugar de Jesus?,Barrabás,Estêvão|Barrabás|Silas
intermediate,Qual inscrição foi colocada sobre Jesus na cruz?,Rei dos Judeus,Sacerdote de Roma|Rei dos Judeus|Profeta da Galileia
intermediate,Qual membro do Sinédrio pediu o corpo de Jesus para sepultá-lo?,José de Arimateia,Caifás|Anás|José de Arimateia
intermediate,Qual jardim é associado à oração de Jesus antes da prisão?,Getsêmani,Éden|Getsêmani|Oliveiras de Moabe
intermediate,Qual evento marca a entrada de Jesus em Jerusalém montado em um jumentinho?,Entrada triunfal,Transfiguração|Entrada triunfal|Ascensão
intermediate,O Pentecostes em Atos 2 é associado por muitos estudiosos a qual evento do Antigo Testamento?,Sinai e a entrega da Lei,Sinai e a entrega da Lei|A criação de Adão|A queda de Jericó
intermediate,"Em Atos 2, qual sinal acompanha a vinda do Espírito Santo sobre os discípulos?",Línguas como de fogo,Arco-íris|Línguas como de fogo|Maná no chão
intermediate,Quem pregou no dia de Pentecostes em Atos 2?,Pedro,Pedro|Paulo|Estevão
intermediate,Qual profeta Pedro cita em Pentecostes sobre o derramamento do Espírito?,Joel,Joel|Amós|Isaías
intermediate,Quem foi escolhido para substituir Judas entre os doze?,Matias,Matias|Barnabé|Tito
intermediate,Qual casal mentiu sobre a venda de uma propriedade em Atos 5?,Ananias e Safira,Áquila e Priscila|Ananias e Safira|Filemom e Áfia
intermediate,Quem foi o primeiro mártir cristão registrado em Atos?,Estêvão,"Tiago, filho de Zebedeu|Estêvão|Filipe"
intermediate,Quem era o jovem perseguidor presente na morte de Estêvão?,Saulo,Barnabé|Marcos|Saulo
intermediate,Em qual caminho Saulo teve seu encontro com Cristo?,Caminho de Damasco,Caminho de Jericó|Caminho de Damasco|Caminho de Emaús
intermediate,Qual discípulo foi enviado para orar por Saulo em Damasco?,Ananias,Ananias|Barnabé|Ágabo
intermediate,Qual apóstolo recebeu uma visão de animais puros e impuros antes de ir à casa de Cornélio?,Pedro,Pedro|Tiago|João
intermediate,Quem era Cornélio em Atos 10?,Centurião gentio temente a Deus,Fariseu de Jerusalém|Centurião gentio temente a Deus|Escriba do templo
intermediate,Qual cidade se tornou base missionária importante para Paulo e Barnabé?,Antioquia,Samaria|Belém|Antioquia
intermediate,Onde os seguidores de Jesus foram chamados cristãos pela primeira vez?,Antioquia,Corinto|Antioquia|Jerusalém
intermediate,Qual igreja enviou Paulo e Barnabé na primeira viagem missionária?,Antioquia,Jerusalém|Roma|Antioquia
intermediate,Qual concílio em Atos discutiu a entrada dos gentios sem obrigá-los à circuncisão?,Concílio de Jerusalém,Concílio de Niceia|Concílio de Trento|Concílio de Jerusalém
intermediate,Quem defendeu que os gentios não deveriam ser sobrecarregados além do necessário em Atos 15?,Tiago,Apolo|Pilatos|Tiago
intermediate,"Qual companheiro de Paulo é descrito como ""filho da consolação""?",Barnabé,Barnabé|Silas|Timóteo
intermediate,Quem acompanhou Paulo na prisão em Filipos quando houve terremoto?,Silas,Tito|Silas|Lucas
intermediate,Qual vendedora de púrpura se converteu em Filipos?,Lídia,Damaris|Priscila|Lídia
intermediate,Qual casal instruiu Apolo com mais precisão no caminho de Deus?,Priscila e Áquila,Ananias e Safira|Febe e Lídia|Priscila e Áquila
intermediate,Qual pregador eloquente de Alexandria aparece em Atos 18?,Apolo,Trófimo|Ágabo|Apolo
intermediate,Qual cidade reagiu contra Paulo por causa do culto a Ártemis?,Éfeso,Atenas|Bereia|Éfeso
intermediate,"Em Atenas, Paulo discursou em qual lugar de debate público?",Areópago,Areópago|Sinédrio|Pretório
intermediate,Qual povo é elogiado por examinar diariamente as Escrituras?,Bereanos,Efésios|Bereanos|Coríntios
intermediate,Qual profeta em Atos simbolizou a prisão de Paulo com um cinto?,Ágabo,Ágabo|Zacarias|Ananias
intermediate,Para qual cidade Paulo apelou ao usar sua cidadania romana?,Roma,Tarso|Roma|Antioquia
intermediate,Qual rei ouviu a defesa de Paulo e disse que por pouco ele o persuadia?,Agripa,"Herodes, o Grande|Agripa|Félix"
intermediate,Qual governador manteve Paulo preso esperando vantagem política?,Félix,Quirino|Gálio|Félix
intermediate,Qual viagem de Paulo terminou em naufrágio antes de chegar a Roma?,Viagem como prisioneiro a Roma,Viagem como prisioneiro a Roma|Viagem para Jerusalém com Jesus|Primeira viagem missionária
intermediate,Qual ilha recebeu Paulo após o naufrágio em Atos 28?,Malta,Chipre|Creta|Malta
intermediate,Qual livro mostra a expansão do evangelho de Jerusalém até Roma?,Atos,Apocalipse|Hebreus|Atos
intermediate,Qual é a função dos sete homens escolhidos em Atos 6?,Servir às mesas e aliviar uma necessidade comunitária,Servir às mesas e aliviar uma necessidade comunitária|Formar um exército|Substituir os apóstolos
intermediate,Quem evangelizou o eunuco etíope em Atos 8?,Filipe,Estevão|Filipe|Tiago
intermediate,Qual mágico tentou comprar o poder de conceder o Espírito?,"Simão, o mágico","Simão, o mágico|Barjesus|Elimas"
intermediate,Qual carta de Paulo desenvolve de modo amplo a justificação pela fé?,Romanos,2 Tessalonicenses|Romanos|Filemom
intermediate,"Em Romanos, qual figura do Antigo Testamento Paulo usa como exemplo de fé antes da Lei?",Abraão,Abraão|Moisés|Sansão
intermediate,Qual capítulo de Romanos fala da vida no Espírito em contraste com a condenação?,Romanos 8,Romanos 8|Romanos 15|Romanos 2
intermediate,"Qual carta corrige divisões, imoralidade e abusos na ceia do Senhor?",1 Coríntios,Filemom|1 Coríntios|Filipenses
intermediate,Qual capítulo de 1 Coríntios é conhecido pela exposição do amor?,1 Coríntios 13,1 Coríntios 3|1 Coríntios 13|1 Coríntios 9
intermediate,Qual capítulo de 1 Coríntios defende a ressurreição dos mortos?,1 Coríntios 15,1 Coríntios 15|1 Coríntios 7|1 Coríntios 11
intermediate,"Qual carta contém o tema ""temos este tesouro em vasos de barro""?",2 Coríntios,2 Coríntios|Colossenses|Gálatas
intermediate,Qual carta combate a imposição da circuncisão aos gentios como condição de pertencimento?,Gálatas,Gálatas|Efésios|1 Timóteo
intermediate,"Em Gálatas, qual lista descreve virtudes produzidas pelo Espírito?",Fruto do Espírito,Pragas espirituais|Dons ministeriais|Fruto do Espírito
intermediate,Qual carta fala da igreja como um só corpo com judeus e gentios reconciliados em Cristo?,Efésios,Efésios|2 João|Judas
intermediate,Qual capítulo de Efésios descreve a armadura de Deus?,Efésios 6,Efésios 1|Efésios 6|Efésios 3
intermediate,Qual carta foi escrita a uma igreja que apoiou Paulo financeiramente e enfatiza alegria?,Filipenses,Romanos|Filipenses|Tito
intermediate,Qual hino cristológico fala de Cristo esvaziando-se e sendo exaltado?,Filipenses 2,Filipenses 2|1 Tessalonicenses 5|Colossenses 4
intermediate,Qual carta enfatiza a supremacia de Cristo sobre poderes e filosofias humanas?,Colossenses,Colossenses|1 Coríntios|Filemom
intermediate,"Em Colossenses, Cristo é chamado de quê em relação à criação?",Imagem do Deus invisível e primogênito de toda criação,Apenas um anjo superior|Imagem do Deus invisível e primogênito de toda criação|Um sacerdote levítico comum
intermediate,Qual carta consola cristãos preocupados com os que morreram antes da volta de Cristo?,1 Tessalonicenses,Gálatas|1 Tessalonicenses|1 Timóteo
intermediate,Qual carta adverte contra a ociosidade e corrige confusões sobre o dia do Senhor?,2 Tessalonicenses,Efésios|2 Tessalonicenses|Romanos
intermediate,Quais cartas são chamadas frequentemente de pastorais?,"1 Timóteo, 2 Timóteo e Tito","Hebreus, Tiago e Judas|1 Timóteo, 2 Timóteo e Tito|Romanos, Gálatas e Efésios"
intermediate,Qual destinatário recebeu instruções de Paulo sobre liderança e cuidado da igreja em Éfeso?,Timóteo,Timóteo|Apolo|Onésimo
intermediate,Qual carta foi dirigida a um cooperador de Paulo em Creta?,Tito,Filemom|Silas|Tito
intermediate,"Qual carta pede que Filemom receba Onésimo não apenas como escravo, mas como irmão amado?",Filemom,2 Coríntios|Filemom|Tito
intermediate,Quem era Onésimo na carta a Filemom?,Um escravo ligado a Filemom que encontrou Paulo,Um escravo ligado a Filemom que encontrou Paulo|Um fariseu do Sinédrio|Um rei persa
intermediate,Qual expressão em Romanos 12 descreve a vida cristã como resposta de culto?,Sacrifício vivo,Monte santo|Sacrifício vivo|Primogênito do Egito
intermediate,"Em 1 Coríntios 12, Paulo compara a igreja a quê?",Um corpo com muitos membros,Um corpo com muitos membros|Um tribunal de pedra|Um navio romano
intermediate,Qual dom é colocado por Paulo como superior quando comparado a dons sem amor?,O amor,O amor|O falar em línguas sem interpretação|A força física
intermediate,"Qual carta afirma que pela graça somos salvos, mediante a fé, não por obras?",Efésios,Judas|Gálatas|Efésios
intermediate,"Qual carta contém a frase ""para mim, o viver é Cristo""?",Filipenses,Tito|Romanos|Filipenses
intermediate,Qual carta apresenta uma coleta para os santos em Jerusalém como expressão de generosidade?,2 Coríntios,2 Coríntios|1 Timóteo|2 João
intermediate,Qual carta chama a Lei de aio ou tutor até Cristo?,Gálatas,Efésios|Colossenses|Gálatas
intermediate,"Em Romanos 5, Paulo contrasta quais duas figuras?",Adão e Cristo,Adão e Cristo|Davi e Saul|Moisés e Faraó
intermediate,"Qual carta fala de ""nova criação"" em Cristo?",Ambas aparecem com essa ênfase,Gálatas|2 Coríntios|Ambas aparecem com essa ênfase
intermediate,Qual carta afirma que Cristo derrubou o muro de separação entre judeus e gentios?,Efésios,Efésios|Romanos|1 Tessalonicenses
intermediate,Qual expressão resume o chamado ético de Colossenses 3?,Revestir-se do novo homem,Revestir-se do novo homem|Tomar a cidade pela espada|Construir o tabernáculo
intermediate,"Em 2 Timóteo, qual frase descreve a Escritura em relação ao ensino?",É inspirada por Deus e útil,Apenas poesia antiga|Somente tradição oral|É inspirada por Deus e útil
intermediate,Qual carta contém o pedido de Paulo para que Timóteo traga a capa e os livros?,2 Timóteo,Tito|1 Coríntios|2 Timóteo
intermediate,Qual carta fala que a piedade com contentamento é grande fonte de lucro?,1 Timóteo,1 Timóteo|Romanos|Filipenses
intermediate,Qual carta inclui instruções sobre presbíteros nas cidades de Creta?,Tito,Filemom|Tito|1 Tessalonicenses
intermediate,"Qual termo descreve a prática de Paulo de trabalhar com as próprias mãos, como em fabricar tendas?",Autossustento ministerial,Autossustento ministerial|Sacerdócio levítico|Ascetismo essênio
intermediate,Qual carta foi escrita a cristãos de Roma antes de Paulo visitar a igreja local?,Romanos,Efésios|Romanos|2 Coríntios
intermediate,Qual carta usa a metáfora de embaixadores da reconciliação?,2 Coríntios,Gálatas|2 Coríntios|Filipenses
intermediate,Qual carta exorta os cristãos a não se conformarem com este século?,Romanos,Colossenses|Filemom|Romanos
intermediate,"Qual carta apresenta Cristo como cabeça do corpo, que é a igreja?",Colossenses,Tito|2 Tessalonicenses|Colossenses
intermediate,Qual carta mostra Paulo tratando de dons espirituais e ordem no culto?,1 Coríntios,Romanos|1 Coríntios|Filemom
intermediate,"Qual carta afirma que ""todos pecaram e carecem da glória de Deus""?",Romanos,Romanos|1 Timóteo|Efésios
intermediate,Qual carta termina com uma bênção trinitária muito conhecida?,2 Coríntios,Gálatas|2 Coríntios|Tito
intermediate,Qual livro do Novo Testamento apresenta Cristo como sumo sacerdote superior?,Hebreus,Hebreus|Tiago|3 João
intermediate,Qual capítulo de Hebreus é conhecido como galeria dos heróis da fé?,Hebreus 11,Hebreus 3|Hebreus 11|Hebreus 13
intermediate,Qual carta afirma que a fé sem obras é morta?,Tiago,1 João|1 Pedro|Tiago
intermediate,Qual carta enfatiza o controle da língua como sinal de maturidade?,Tiago,Judas|2 Pedro|Tiago
intermediate,"Qual carta foi escrita a cristãos sofrendo, chamando-os a permanecer firmes?",1 Pedro,3 João|1 Pedro|2 João
intermediate,Qual carta fala dos cristãos como sacerdócio real e nação santa?,1 Pedro,Tiago|1 Pedro|Judas
intermediate,Qual carta adverte contra falsos mestres e menciona o exemplo de anjos que pecaram?,Judas,1 João|Judas|3 João
intermediate,Qual carta curta elogia Gaio por sua hospitalidade?,3 João,3 João|Judas|2 João
intermediate,Qual carta adverte sobre não receber falsos mestres que negam Cristo?,2 João,Tiago|Hebreus|2 João
intermediate,"Qual conjunto de cartas enfatiza fortemente amor, verdade e discernimento?",Cartas de João,Cartas de João|Carta aos Romanos|Cartas pastorais
intermediate,"Qual carta declara que ""Deus é amor""?",1 João,Judas|Hebreus|1 João
intermediate,"Qual carta fala que temos advogado junto ao Pai, Jesus Cristo, o justo?",1 João,1 Pedro|1 João|Tiago
intermediate,Qual livro começa com uma revelação de Jesus Cristo dada a João?,Apocalipse,Atos|Hebreus|Apocalipse
intermediate,Quantas igrejas da Ásia recebem mensagens em Apocalipse 2–3?,Sete,Três|Sete|Doze
intermediate,Qual igreja de Apocalipse é advertida por ser morna?,Laodiceia,Laodiceia|Filadélfia|Esmirna
intermediate,Qual igreja de Apocalipse é elogiada por perseverar em meio à pobreza e tribulação?,Esmirna,Sardes|Laodiceia|Esmirna
intermediate,Qual imagem central de Apocalipse 5 representa Cristo vencedor por meio do sacrifício?,Cordeiro morto e em pé,Leão morto sem trono|Águia caída|Cordeiro morto e em pé
intermediate,Qual número simbólico aparece repetidamente em Apocalipse ligado à plenitude?,Sete,Dezesseis|Quarenta e nove|Sete
intermediate,Qual cidade aparece em Apocalipse como símbolo do sistema rebelde contra Deus?,Babilônia,Babilônia|Nazaré|Belém
intermediate,Qual imagem final de Apocalipse descreve a esperança escatológica?,Nova Jerusalém descendo do céu,Nova Jerusalém descendo do céu|Retorno ao Egito|Reconstrução de Babel
intermediate,"Qual livro afirma que Jesus é o mesmo ontem, hoje e para sempre?",Hebreus,Apocalipse|Hebreus|Tiago
intermediate,Qual livro fala que toda boa dádiva vem do Pai das luzes?,Tiago,1 João|Tiago|2 Pedro
intermediate,Qual carta orienta os cristãos a estarem preparados para responder sobre a esperança?,1 Pedro,Judas|1 Pedro|3 João
intermediate,Qual carta adverte que nos últimos dias surgiriam escarnecedores?,2 Pedro,2 Pedro|Tiago|2 João
intermediate,Qual carta fala que o amor perfeito lança fora o medo?,1 João,Judas|Hebreus|1 João
intermediate,Qual livro apresenta Melquisedeque como figura importante para explicar o sacerdócio de Cristo?,Hebreus,Hebreus|Apocalipse|Tiago
intermediate,Qual carta diz para os presbíteros pastorearem o rebanho de Deus não por ganância?,1 Pedro,2 João|1 Pedro|Tiago
intermediate,Qual capítulo de Apocalipse mostra cavaleiros associados a juízo?,Apocalipse 6,Apocalipse 1|Apocalipse 6|Apocalipse 21
intermediate,Qual carta de João combate a negação de que Jesus Cristo veio em carne?,1 João,Hebreus|1 João|Tiago
intermediate,"Qual livro usa linguagem de templo, sacrifício e aliança para mostrar a superioridade de Cristo?",Hebreus,Filemom|3 João|Hebreus
intermediate,"Qual carta ensina que a sabedoria do alto é pura, pacífica e cheia de misericórdia?",Tiago,1 Pedro|Judas|Tiago
intermediate,"Qual livro termina com o clamor ""Vem, Senhor Jesus""?",Apocalipse,Atos|Apocalipse|Hebreus
intermediate,Qual carta fala que devemos crescer na graça e no conhecimento de Jesus Cristo?,2 Pedro,Tiago|2 João|2 Pedro
intermediate,Qual livro fala de um novo céu e uma nova terra?,Apocalipse,Apocalipse|Tiago|3 João
intermediate,Qual carta exorta a batalhar pela fé entregue aos santos?,Judas,Hebreus|1 João|Judas
intermediate,Qual língua era comum no mundo do Novo Testamento e usada na escrita do NT?,Grego koiné,Aramaico imperial apenas|Latim clássico apenas|Grego koiné
intermediate,Qual língua Jesus provavelmente falava no cotidiano da Galileia?,Aramaico,Grego homérico|Acadiano|Aramaico
intermediate,Qual era a função básica de uma sinagoga no judaísmo do primeiro século?,"Local de leitura, ensino e reunião comunitária","Local de leitura, ensino e reunião comunitária|Palácio de César|Templo para sacrifícios de animais"
intermediate,Qual era o único lugar legítimo para os sacrifícios centrais do judaísmo no período de Jesus?,Templo em Jerusalém,Templo em Jerusalém|Monte Carmelo|Sinagoga de Nazaré
intermediate,"Quem eram os essênios, em linhas gerais?",Grupo judaico separatista associado por muitos ao deserto e à pureza comunitária,Grupo judaico separatista associado por muitos ao deserto e à pureza comunitária|Discípulos diretos de Paulo|Coletores de impostos romanos
intermediate,Qual achado é frequentemente associado aos essênios ou a grupos semelhantes?,Manuscritos do Mar Morto,Inscrição de Pilatos no Coliseu|Códice Vaticano medieval|Manuscritos do Mar Morto
intermediate,O que era o Sinédrio no judaísmo do primeiro século?,Conselho judaico de liderança religiosa e judicial,Escola filosófica grega|Exército romano na Judeia|Conselho judaico de liderança religiosa e judicial
intermediate,Quem era o sumo sacerdote no contexto judaico?,Líder sacerdotal principal ligado ao templo,Professor itinerante galileu|Governador romano da Síria|Líder sacerdotal principal ligado ao templo
intermediate,O que eram as parábolas de Jesus?,Narrativas curtas com sentido teológico e provocativo,Hinos gregos ao imperador|Listas de reis de Judá|Narrativas curtas com sentido teológico e provocativo
intermediate,O que é apocalipse como gênero literário bíblico?,"Revelação simbólica sobre Deus, história e consumação","Registro contábil de impostos|Revelação simbólica sobre Deus, história e consumação|Manual de construção do templo"
intermediate,Qual livro do Antigo Testamento tem forte caráter apocalíptico?,Daniel,Daniel|Levítico|Rute
intermediate,Qual livro do Novo Testamento é o principal exemplo de literatura apocalíptica?,Apocalipse,Marcos|Apocalipse|Filemom
intermediate,"O que significa ""Messias"" em sua ideia básica?",Ungido,Escriba|Ungido|Cobrador
intermediate,"Qual termo grego corresponde a ""Messias"" no Novo Testamento?",Cristo,Didache|Cristo|Kyrios apenas
intermediate,"Qual título ""Senhor"" aplicado a Jesus ganha força teológica no contexto do NT?",Kyrios,Kyrios|Rabino apenas|Publicano
intermediate,Qual festa judaica celebrava a colheita e é o contexto de Atos 2?,Pentecostes,Pentecostes|Purim|Exílio
intermediate,Qual festa lembra a peregrinação no deserto em tendas?,Tabernáculos,Hanucá|Tabernáculos|Páscoa
intermediate,Qual festa judaica está ligada à libertação do Egito?,Páscoa,Purim|Páscoa|Dia da Expiação
intermediate,Qual dia anual estava ligado ao sacrifício e purificação nacional em Levítico 16?,Dia da Expiação,Pentecostes|Dia da Expiação|Sábado semanal
intermediate,O que era o sábado no judaísmo bíblico?,Dia de descanso e sinal de aliança,Dia de descanso e sinal de aliança|Dia de coroação romana|Dia exclusivo de guerra
intermediate,Qual região era o principal cenário do ministério inicial de Jesus?,Galileia,Babilônia|Creta|Galileia
intermediate,Qual rio está associado ao batismo de Jesus?,Jordão,Nilo|Jordão|Eufrates
intermediate,Qual cidade era centro religioso do judaísmo no tempo de Jesus?,Jerusalém,Tarso|Antioquia|Jerusalém
intermediate,"Qual cidade era conhecida como importante centro intelectual e cultural, onde Paulo discursou em Atos 17?",Atenas,Jericó|Belém|Atenas
intermediate,Qual cidade era capital imperial para onde Paulo chegou no final de Atos?,Roma,Roma|Éfeso|Samaria
intermediate,Qual era a Pax Romana no pano de fundo do NT?,Período de ordem imperial que facilitou circulação e comunicação,Período de ordem imperial que facilitou circulação e comunicação|Festa judaica anual|Seita farisaica
intermediate,O que era a diáspora judaica?,Judeus vivendo espalhados fora da terra de Israel,Sistema de castas romanas|Judeus vivendo espalhados fora da terra de Israel|Sacrifício diário no templo
intermediate,Qual versão grega do Antigo Testamento era muito usada no mundo helenista?,Septuaginta,Texto Massorético medieval|Vulgata|Septuaginta
intermediate,Qual era a principal diferença entre templo e sinagoga?,Templo era centro sacrificial – sinagoga era reunião local de leitura e ensino,Templo era centro sacrificial – sinagoga era reunião local de leitura e ensino|Sinagoga era exclusiva para gentios|Ambos eram palácios romanos
intermediate,O que é uma epístola no Novo Testamento?,Carta escrita a igrejas ou pessoas,Carta escrita a igrejas ou pessoas|Profecia em forma de sonho|Lei civil romana
intermediate,O que é um evangelho como gênero no Novo Testamento?,"Narrativa teológica sobre vida, morte e ressurreição de Jesus","Biografia moderna neutra sem teologia|Código de leis romanas|Narrativa teológica sobre vida, morte e ressurreição de Jesus"
intermediate,"O que significa ""cânon"" quando aplicado à Bíblia?",Conjunto reconhecido de livros normativos,Estilo musical do templo|Moeda romana|Conjunto reconhecido de livros normativos
intermediate,O que era o denário citado nos evangelhos?,Moeda romana,Tipo de sacrifício|Peça sacerdotal|Moeda romana
intermediate,Quem eram os herodianos no contexto dos evangelhos?,Grupo ligado aos interesses da dinastia de Herodes,Grupo ligado aos interesses da dinastia de Herodes|Escribas da Babilônia|Discípulos de João em Éfeso
intermediate,Qual era a tensão básica entre zelo pela Lei e comunhão com gentios no NT?,Como incluir gentios no povo de Deus sem impor identidade judaica completa,Como restaurar o trono do Egito|Como reconstruir Babel|Como incluir gentios no povo de Deus sem impor identidade judaica completa
intermediate,Como podemos descrever a Trindade de modo mais adequado?,"Um só Deus em três pessoas distintas, Pai, Filho e Espírito Santo","Um só Deus em três pessoas distintas, Pai, Filho e Espírito Santo|Três deuses cooperando entre si|Um Deus que apenas troca de máscaras ao longo da história"
intermediate,Qual alternativa descreve o modalismo?,"A ideia de que Pai, Filho e Espírito são apenas modos ou máscaras de uma única pessoa divina","A fé em um Deus em três pessoas distintas|A ideia de que Pai, Filho e Espírito são apenas modos ou máscaras de uma única pessoa divina|A negação de qualquer linguagem sobre Deus"
intermediate,Qual alternativa se aproxima do arianismo histórico?,A ideia de que o Filho foi criado e não é eterno como o Pai,A afirmação da plena divindade do Espírito|A ideia de que o Filho foi criado e não é eterno como o Pai|A ideia de que o Filho é consubstancial ao Pai
intermediate,Qual concílio é conhecido por enfrentar o arianismo e afirmar a divindade do Filho?,Niceia,Trento|Niceia|Jerusalém em Atos 15
intermediate,Qual teólogo é associado à defesa da divindade de Cristo contra o arianismo?,Atanásio,Pelágio|Atanásio|Marcião
intermediate,Qual frase resume a ideia de Anselmo sobre teologia?,Fé que busca entendimento,Fé que busca entendimento|Fé contra todo pensamento|Razão sem fé
intermediate,"A frase ""o coração inquieto"" que só descansa em Deus é associada a quem?",Agostinho,Lutero|Calvino|Agostinho
intermediate,"Qual teólogo escreveu Confissões, obra clássica de autobiografia e oração?",Agostinho,Agostinho|John Wesley|Karl Barth
intermediate,Qual reformador é associado às 95 teses?,Martinho Lutero,Jonathan Edwards|Martinho Lutero|João Calvino
intermediate,Qual doutrina foi central na Reforma Protestante sobre a salvação?,Justificação pela fé,Reencarnação da alma|Salvação por compra de indulgências|Justificação pela fé
intermediate,Qual expressão latina da Reforma enfatiza a autoridade final das Escrituras?,Sola Scriptura,Sola Roma|Sola Scriptura|Sola Traditio
intermediate,Qual expressão da Reforma enfatiza a salvação como dom imerecido?,Sola Gratia,Sola Gratia|Sola Cultura|Sola Potentia
intermediate,Qual expressão da Reforma enfatiza Cristo como mediador suficiente?,Solus Christus,Solus Imperator|Solus Templum|Solus Christus
intermediate,Qual reformador é associado às Institutas da Religião Cristã?,João Calvino,João Calvino|John Knox|George Whitefield
intermediate,"Qual pregador batista ficou conhecido como ""príncipe dos pregadores""?",Charles Spurgeon,Tomás de Aquino|Dietrich Bonhoeffer|Charles Spurgeon
intermediate,"A expressão ""graça barata"" é associada à crítica de qual teólogo?",Dietrich Bonhoeffer,Irineu|Agostinho|Dietrich Bonhoeffer
intermediate,"Qual autor popularizou a imagem de Cristo como ""mentiroso, lunático ou Senhor"" em defesa da fé cristã?",C. S. Lewis,C. S. Lewis|João Crisóstomo|John Stott
intermediate,Qual pastor e teólogo escreveu Cristianismo Básico e A Cruz de Cristo?,John Stott,Jonathan Edwards|John Stott|Tertuliano
intermediate,Qual teólogo é conhecido por dizer que a igreja existe por missão como o fogo existe por queimar?,Emil Brunner,Agostinho|Emil Brunner|Anselmo
intermediate,"Qual pregador é associado à frase curta sobre pregação como ""lógica em fogo""?",Martyn Lloyd-Jones,Tomás de Aquino|Martyn Lloyd-Jones|Marcião
intermediate,"Qual tradição cristã costuma resumir a vida diante de Deus com a expressão ""Coram Deo""?",Reformada,Wicca|Reformada|Gnosticismo
intermediate,"O que significa ""Coram Deo""?",Diante da face de Deus,Somente na política|Diante da face de Deus|Fora da graça
intermediate,Qual termo descreve a união das naturezas divina e humana em Cristo em uma só pessoa?,União hipostática,Modalismo|União hipostática|Docetismo
intermediate,"Qual heresia negava a verdadeira humanidade de Cristo, dizendo que ele apenas parecia humano?",Docetismo,Pelagianismo|Docetismo|Arianismo
intermediate,Qual heresia minimizava a necessidade da graça ao enfatizar a capacidade humana de obedecer por si mesma?,Pelagianismo,Docetismo|Pelagianismo|Modalismo
intermediate,Qual doutrina afirma que Jesus é plenamente Deus e plenamente homem?,Cristologia ortodoxa,Cristologia ortodoxa|Adocionismo|Politeísmo
intermediate,Qual termo descreve a doutrina dos últimos acontecimentos e da esperança final?,Escatologia,Eclesiologia|Escatologia|Hamartiologia
intermediate,Qual termo descreve a doutrina da igreja?,Eclesiologia,Eclesiologia|Pneumatologia|Cristologia
intermediate,Qual termo descreve a doutrina do Espírito Santo?,Pneumatologia,Antropologia|Soteriologia|Pneumatologia
intermediate,Qual termo descreve a doutrina da salvação?,Soteriologia,Ecologia|Soteriologia|Angelografia
intermediate,Qual termo descreve a doutrina do pecado?,Hamartiologia,Hamartiologia|Numismática|Mariologia
intermediate,Qual frase é associada a Atanásio na defesa da encarnação?,Deus se fez homem para que o homem participasse da vida de Deus,Deus abandonou a criação|Deus se fez homem para que o homem participasse da vida de Deus|O homem se salva por vencer Roma
intermediate,Qual teólogo medieval é associado à Suma Teológica?,Tomás de Aquino,Tomás de Aquino|John Bunyan|Charles Finney
intermediate,"Qual autor escreveu O Peregrino, alegoria cristã muito conhecida?",John Bunyan,John Bunyan|João Calvino|Karl Barth
intermediate,"Qual avivalista metodista está ligado à frase ""o mundo é minha paróquia""?",John Wesley,Jonathan Edwards|John Knox|John Wesley
