level,difficulty,prompt,answer,options
intermediate,hard,"Em Atos 15, a principal questão discutida no Concílio de Jerusalém era:",se os gentios convertidos precisavam ser circuncidados e guardar a Lei de Moisés,se Paulo deveria ser reconhecido como bispo de Roma|se os gentios convertidos precisavam ser circuncidados e guardar a Lei de Moisés|se os cristãos deveriam reconstruir o templo de Jerusalém
intermediate,hard,Qual grupo judaico do primeiro século negava a ressurreição dos mortos?,os saduceus,os essênios|os fariseus|os saduceus
intermediate,hard,Qual apóstolo era chamado de Zelote?,Simão,André|Filipe|Simão
intermediate,hard,"Por que Mateus, Marcos e Lucas são chamados de evangelhos sinóticos?",porque apresentam muitos relatos em perspectiva semelhante,porque foram escritos originalmente pelo mesmo autor|porque narram apenas a última semana de Jesus|porque apresentam muitos relatos em perspectiva semelhante
intermediate,hard,Qual evangelho apresenta de forma mais explícita os sinais de Jesus como estrutura narrativa?,João,Marcos|João|Lucas
intermediate,hard,Qual era a função comum de um publicano no contexto dos evangelhos?,cobrar impostos em nome do poder romano ou de seus representantes,cobrar impostos em nome do poder romano ou de seus representantes|servir como sacerdote auxiliar no templo|copiar manuscritos da Lei nas sinagogas
intermediate,hard,"A tensão entre judeus e samaritanos no tempo de Jesus tinha relação, entre outros fatores, com:","diferenças de culto, identidade étnica e história religiosa","uma disputa entre fariseus e zelotes pelo controle de Roma|a recusa samaritana em aceitar qualquer livro do Pentateuco|diferenças de culto, identidade étnica e história religiosa"
intermediate,hard,Qual cidade era o principal centro do culto samaritano no período do Novo Testamento?,o monte Gerizim,o monte Carmelo|o monte Sião|o monte Gerizim
intermediate,hard,"Em qual cidade os discípulos foram chamados cristãos pela primeira vez, segundo Atos?",Antioquia,Jerusalém|Corinto|Antioquia
intermediate,hard,Qual imperador romano é citado diretamente em Lucas 2 no contexto do recenseamento?,César Augusto,Nero|César Augusto|Domiciano
intermediate,hard,Qual governador romano condenou Jesus à crucificação nos evangelhos?,Pôncio Pilatos,Pôncio Pilatos|Félix|Festo
intermediate,hard,Qual rei aparece em Mateus 2 procurando matar o menino Jesus?,"Herodes, o Grande","Arquelau|Herodes Agripa II|Herodes, o Grande"
intermediate,hard,"Qual cidade é associada ao ministério inicial de Paulo após sua conversão, antes de Jerusalém, em Atos 9?",Damasco,Damasco|Éfeso|Filipos
intermediate,hard,Qual era a profissão de Paulo mencionada em Atos 18?,fabricante de tendas,pescador|coletor de impostos|fabricante de tendas
intermediate,hard,Qual casal acolheu Paulo em Corinto e também era ligado à fabricação de tendas?,Priscila e Áquila,Priscila e Áquila|Ananias e Safira|Filemom e Áfia
intermediate,hard,Qual livro do Novo Testamento registra a visão de Pedro sobre os animais impuros antes da visita a Cornélio?,Atos dos Apóstolos,Atos dos Apóstolos|Hebreus|Gálatas
intermediate,hard,"Cornélio, em Atos 10, é apresentado como:",um centurião gentio temente a Deus,um fariseu convertido de Jerusalém|um escriba ligado ao Sinédrio|um centurião gentio temente a Deus
intermediate,hard,Qual carta de Paulo trata mais diretamente da reconciliação entre um senhor cristão e um escravo fugitivo?,Filemom,2 Tessalonicenses|Filemom|Tito
intermediate,hard,Qual igreja recebeu uma carta de Paulo tratando extensamente da ressurreição em 1 Coríntios 15?,Corinto,Colossos|Filipos|Corinto
intermediate,hard,Qual comunidade recebeu a carta que enfatiza fortemente a justificação pela fé contra a exigência da circuncisão?,Gálatas,Tessalonicenses|Efésios|Gálatas
intermediate,hard,Qual carta de Paulo é marcada pelo tema da alegria apesar da prisão?,Filipenses,Filipenses|1 Timóteo|Romanos
intermediate,hard,Qual evangelho começa apresentando a genealogia de Jesus ligada a Abraão e Davi?,Mateus,João|Marcos|Mateus
intermediate,hard,Qual evangelho inicia com a frase teológica: “No princípio era o Verbo”?,João,Lucas|João|Marcos
intermediate,hard,"Qual evangelho é tradicionalmente associado a uma forte ênfase na ação imediata de Jesus, usando frequentemente expressões como “logo”?",Marcos,João|Marcos|Mateus
intermediate,hard,Qual livro do Novo Testamento foi escrito como continuação de um primeiro relato dirigido a Teófilo?,Atos,Atos|Romanos|Apocalipse
intermediate,hard,Qual livro apresenta as sete igrejas da Ásia Menor em seus capítulos iniciais?,Apocalipse,Apocalipse|Hebreus|Tiago
intermediate,hard,Qual das igrejas do Apocalipse é repreendida por ser “morna”?,Laodiceia,Filadélfia|Laodiceia|Esmirna
intermediate,hard,Qual igreja do Apocalipse recebe elogio por sua fidelidade em meio à pobreza e sofrimento?,Esmirna,Sardes|Esmirna|Laodiceia
intermediate,hard,Qual livro do Novo Testamento enfatiza que a fé sem obras é morta?,Tiago,Judas|1 João|Tiago
intermediate,hard,"Qual carta alerta contra falsos mestres usando exemplos como Caim, Balaão e Corá?",Judas,2 João|Judas|Tito
intermediate,hard,Qual livro apresenta Jesus como sumo sacerdote superior segundo a ordem de Melquisedeque?,Hebreus,Romanos|Efésios|Hebreus
intermediate,hard,Qual personagem do Antigo Testamento é usado em Hebreus como exemplo de sacerdócio anterior à Lei mosaica?,Melquisedeque,Melquisedeque|Zadoque|Eli
intermediate,hard,Qual era a principal função do sumo sacerdote no Dia da Expiação?,entrar no Santo dos Santos para realizar o rito de expiação,entrar no Santo dos Santos para realizar o rito de expiação|ensinar grego aos levitas|coroar o rei de Israel anualmente
intermediate,hard,Qual festa judaica está relacionada ao derramamento do Espírito em Atos 2?,Pentecostes,Hanucá|Purim|Pentecostes
intermediate,hard,Qual evento do Antigo Testamento é frequentemente associado por estudiosos ao Pentecostes em Atos 2?,a entrega da Lei no Sinai,a queda de Jericó|a entrega da Lei no Sinai|a travessia do Jordão
intermediate,hard,Qual festa judaica celebra a libertação do Egito e está por trás do contexto da morte de Jesus?,Páscoa,Páscoa|Tabernáculos|Dia da Expiação
intermediate,hard,Qual festa celebrava a habitação em tendas e lembrava a peregrinação de Israel no deserto?,Tabernáculos,Pentecostes|Tabernáculos|Purim
intermediate,hard,Qual livro narra a instituição da Páscoa no contexto da saída do Egito?,Êxodo,Levítico|Êxodo|Números
intermediate,hard,Qual livro contém a maior parte das leis sacerdotais e rituais de pureza de Israel?,Levítico,Josué|Levítico|Rute
intermediate,hard,Qual livro narra principalmente a peregrinação de Israel no deserto após o Sinai?,Números,1 Samuel|Juízes|Números
intermediate,hard,Qual livro apresenta Moisés recapitulando a Lei antes da entrada de Israel na terra prometida?,Deuteronômio,Deuteronômio|Josué|Levítico
intermediate,hard,Qual livro narra a conquista inicial da terra de Canaã sob liderança de Josué?,Josué,Juízes|Josué|Esdras
intermediate,hard,Qual período bíblico é marcado pela frase “cada um fazia o que parecia certo aos seus próprios olhos”?,o período dos juízes,o período dos juízes|o reinado de Salomão|o retorno do exílio
intermediate,hard,Qual juiz de Israel é associado ao voto precipitado envolvendo sua filha?,Jefté,Gideão|Sansão|Jefté
intermediate,hard,Qual juiz pediu um sinal envolvendo o velo de lã?,Gideão,Débora|Eúde|Gideão
intermediate,hard,Qual mulher é apresentada como juíza e profetisa em Israel?,Débora,Débora|Hulda|Miriã
intermediate,hard,Qual profetisa aconselhou o rei Josias após a descoberta do Livro da Lei?,Hulda,Débora|Ana|Hulda
intermediate,hard,Qual rei de Judá promoveu uma reforma religiosa após a descoberta do Livro da Lei?,Josias,Josias|Acabe|Jeroboão
intermediate,hard,Qual rei de Israel ficou conhecido por instituir bezerros de ouro em Betel e Dã?,Jeroboão I,Josafá|Ezequias|Jeroboão I
intermediate,hard,Qual profeta confrontou Acabe e os profetas de Baal no monte Carmelo?,Elias,Elias|Amós|Eliseu
intermediate,hard,Qual aliança bíblica é marcada pelo sinal do arco-íris?,a aliança com Noé,a aliança davídica|a aliança com Abraão|a aliança com Noé
intermediate,hard,"Qual aliança inclui a promessa de descendência, terra e bênção às nações?",a aliança com Abraão,a aliança com Finéias|a aliança com Levi|a aliança com Abraão
intermediate,hard,Qual aliança está ligada à promessa de uma dinastia permanente para Davi?,a aliança davídica,a aliança davídica|a aliança sinaítica|a aliança com Noé
intermediate,hard,Qual profeta anunciou uma nova aliança escrita no coração?,Jeremias,Jeremias|Obadias|Naum
intermediate,hard,Qual profeta teve a visão do vale de ossos secos?,Ezequiel,Ezequiel|Daniel|Zacarias
intermediate,hard,Qual profeta teve uma visão do Senhor no templo e declarou ser homem de lábios impuros?,Isaías,Ageu|Isaías|Jeremias
intermediate,hard,Qual profeta foi chamado ainda jovem e ouviu que Deus colocaria suas palavras em sua boca?,Jeremias,Malaquias|Amós|Jeremias
intermediate,hard,Qual profeta era pastor e cultivador de sicômoros antes de profetizar contra Israel?,Amós,Oséias|Jonas|Amós
intermediate,hard,Qual profeta é conhecido por casar-se com Gômer como sinal da infidelidade de Israel?,Oséias,Joel|Habacuque|Oséias
intermediate,hard,Qual profeta é enviado a Nínive?,Jonas,Naum|Jonas|Sofonias
intermediate,hard,Qual profeta anuncia a queda de Nínive em tom de juízo?,Naum,Naum|Ageu|Miquéias
intermediate,hard,Qual profeta pergunta por que o justo sofre enquanto o ímpio prospera e termina com um cântico de confiança?,Habacuque,Abdias|Habacuque|Joel
intermediate,hard,Qual profeta conclama o povo reconstruído a considerar seus caminhos por causa da negligência do templo?,Ageu,Ageu|Zacarias|Malaquias
intermediate,hard,Qual profeta pós-exílico contém visões simbólicas e forte esperança messiânica?,Zacarias,Zacarias|Jonas|Amós
intermediate,hard,Qual profeta encerra o cânon do Antigo Testamento cristão protestante com expectativa do dia do Senhor?,Malaquias,Malaquias|Joel|Sofonias
intermediate,hard,Qual profeta denuncia Edom de modo especial?,Obadias,Miquéias|Obadias|Oséias
intermediate,hard,Qual profeta anuncia que o governante de Israel viria de Belém?,Miquéias,Sofonias|Miquéias|Naum
intermediate,hard,"Qual profeta fala do derramamento do Espírito sobre toda carne, texto retomado em Atos 2?",Joel,Joel|Ageu|Malaquias
intermediate,hard,Qual livro apresenta a rainha Ester intercedendo pelo povo judeu na Pérsia?,Ester,Ester|Rute|Neemias
intermediate,hard,Qual livro narra a fidelidade de uma moabita que se torna parte da linhagem de Davi?,Rute,Cânticos|Ester|Rute
intermediate,hard,Qual livro acompanha a reconstrução dos muros de Jerusalém após o exílio?,Neemias,Ageu|Neemias|Esdras
intermediate,hard,Qual livro enfatiza o retorno do exílio e a reconstrução do templo?,Esdras,2 Samuel|Esdras|Josué
intermediate,hard,Qual rei persa permitiu o retorno dos judeus para reconstruir o templo?,Ciro,Ciro|Dario III|Xerxes II
intermediate,hard,Qual império destruiu o Reino do Norte de Israel em 722 a.C.?,Assíria,Babilônia|Assíria|Pérsia
intermediate,hard,Qual império destruiu Jerusalém e levou Judá ao exílio em 586 a.C.?,Babilônia,Grécia|Babilônia|Roma
intermediate,hard,Qual rei babilônico está associado à destruição de Jerusalém em 586 a.C.?,Nabucodonosor,Nabucodonosor|Ciro|Senaqueribe
intermediate,hard,Qual rei assírio cercou Jerusalém nos dias de Ezequias?,Senaqueribe,Nabopolassar|Senaqueribe|Assuero
intermediate,hard,Qual profeta confrontou Davi após o pecado envolvendo Bate-Seba?,Natã,Samuel|Gade|Natã
intermediate,hard,Qual personagem pediu sabedoria a Deus no início de seu reinado?,Salomão,Saul|Roboão|Salomão
intermediate,hard,Qual decisão de Roboão contribuiu para a divisão do reino?,aumentar o peso sobre o povo em vez de aliviar sua carga,aumentar o peso sobre o povo em vez de aliviar sua carga|entregar Jerusalém aos assírios sem resistência|abolir o templo e transferir o culto para Samaria
intermediate,hard,"Após a divisão do reino, qual foi o primeiro rei do Reino do Norte?",Jeroboão I,Jeú|Jeroboão I|Acabe
intermediate,hard,"Após a divisão do reino, qual foi o primeiro rei do Reino do Sul?",Roboão,Ezequias|Josias|Roboão
intermediate,hard,Qual rei de Israel é fortemente associado ao culto a Baal por influência de Jezabel?,Acabe,Jeroboão II|Acabe|Jeú
intermediate,hard,Qual rei de Judá recebeu livramento durante o cerco assírio e é elogiado por sua confiança no Senhor?,Ezequias,Manassés|Acaz|Ezequias
intermediate,hard,"Qual rei de Judá ficou conhecido por sua idolatria extrema, mas aparece arrependido em 2 Crônicas?",Manassés,Josafá|Manassés|Uzias
intermediate,hard,Qual sacerdote instruiu Samuel quando ele ouviu a voz do Senhor ainda menino?,Eli,Zadoque|Abiatar|Eli
intermediate,hard,Qual profeta ungiu Saul e depois Davi como reis?,Samuel,Natã|Elias|Samuel
intermediate,hard,Qual personagem bíblico interpretou sonhos no Egito e se tornou governador?,José,Neemias|Daniel|José
intermediate,hard,Qual personagem interpretou sonhos na Babilônia e serviu em cortes estrangeiras?,Daniel,José|Daniel|Mordecai
intermediate,hard,Qual livro apresenta o sofrimento do justo em forma de diálogo poético?,Jó,Jó|Provérbios|Eclesiastes
intermediate,hard,Qual livro bíblico é atribuído em grande parte à tradição sapiencial de Salomão e reúne máximas de sabedoria?,Provérbios,Lamentações|Números|Provérbios
intermediate,hard,Qual livro reflete sobre a vaidade da vida debaixo do sol?,Eclesiastes,Eclesiastes|Cantares|Esdras
intermediate,hard,Qual gênero literário predomina em Cantares de Salomão?,poesia amorosa,poesia amorosa|código legal sacerdotal|narrativa de conquista
intermediate,hard,"Qual livro reúne cânticos, orações e lamentos usados na adoração de Israel?",Salmos,Salmos|Crônicas|Juízes
intermediate,hard,Qual salmo inicia com “O Senhor é o meu pastor”?,Salmo 23,Salmo 2|Salmo 119|Salmo 23
intermediate,hard,Qual salmo é conhecido por sua longa meditação sobre a Lei do Senhor?,Salmo 119,Salmo 51|Salmo 110|Salmo 119
intermediate,hard,Qual salmo messiânico é citado no Novo Testamento com a frase “Assenta-te à minha direita”?,Salmo 110,Salmo 46|Salmo 110|Salmo 8
intermediate,hard,Qual profeta é associado à expressão “servo sofredor” em textos como Isaías 53?,Isaías,Daniel|Isaías|Zacarias
intermediate,hard,Qual livro lamenta poeticamente a destruição de Jerusalém?,Lamentações,Sofonias|Lamentações|Obadias
intermediate,hard,Qual aliança está diretamente ligada ao Sinai e à formação de Israel como povo da Lei?,a aliança mosaica,a aliança com Noé|a aliança com Davi|a aliança mosaica
intermediate,hard,Qual carta paulina apresenta a metáfora da igreja como corpo de Cristo de modo desenvolvido em 1 Coríntios 12?,1 Coríntios,2 Tessalonicenses|1 Coríntios|Filemom
intermediate,hard,Qual carta paulina enfatiza a armadura de Deus?,Efésios,Colossenses|Gálatas|Efésios
intermediate,hard,"Qual carta contém o hino cristológico que afirma que Cristo esvaziou-se, assumindo forma de servo?",Filipenses,1 Timóteo|Romanos|Filipenses
intermediate,hard,Qual carta apresenta Cristo como imagem do Deus invisível e primogênito de toda a criação?,Colossenses,2 Coríntios|Tito|Colossenses
intermediate,hard,"Qual carta pastoral orienta sobre presbíteros, diáconos e cuidado da igreja em Éfeso?",1 Timóteo,1 Timóteo|2 Pedro|Gálatas
intermediate,hard,Qual carta pastoral foi enviada a um colaborador de Paulo deixado em Creta?,Tito,2 Timóteo|Filemom|Tito
intermediate,hard,"Qual carta é tradicionalmente vista como despedida pastoral de Paulo, com tom de legado e perseverança?",2 Timóteo,2 Timóteo|1 Coríntios|Romanos
intermediate,hard,Qual carta de Pedro fala dos cristãos como sacerdócio real e nação santa?,1 Pedro,Judas|2 Pedro|1 Pedro
intermediate,hard,Qual carta alerta que falsos mestres transformariam a liberdade em ocasião para erro e usa o exemplo dos anjos que pecaram?,2 Pedro,1 Tessalonicenses|2 Pedro|3 João
intermediate,hard,Qual escrito joanino enfatiza que quem nega que Jesus veio em carne manifesta espírito contrário a Cristo?,1 João,Apocalipse|3 João|1 João
intermediate,hard,Qual pequeno escrito do Novo Testamento elogia Gaio por sua hospitalidade aos irmãos?,3 João,3 João|2 João|Judas
intermediate,hard,Qual pequeno escrito alerta contra receber mestres que não permanecem na doutrina de Cristo?,2 João,2 João|Filemom|Tito
intermediate,hard,Qual livro apresenta o discurso de Paulo no Areópago?,Atos,Atos|Hebreus|Romanos
intermediate,hard,Em qual cidade Paulo pregou no Areópago?,Atenas,Éfeso|Atenas|Corinto
intermediate,hard,Qual cidade foi palco de tumulto envolvendo a deusa Ártemis e o ministério de Paulo?,Éfeso,Filipos|Éfeso|Antioquia
intermediate,hard,"Qual cidade é associada à prisão de Paulo e Silas, seguida por um terremoto e conversão do carcereiro?",Filipos,Derbe|Tessalônica|Filipos
intermediate,hard,Qual cidade era conhecida por sua imoralidade e por desafios comunitários abordados por Paulo em suas cartas?,Corinto,Corinto|Belém|Nazaré
intermediate,hard,Qual carta do Novo Testamento contém a expressão “a fé vem pelo ouvir”?,Romanos,Tiago|2 João|Romanos
intermediate,hard,Qual carta desenvolve extensamente a tensão entre carne e Espírito e o fruto do Espírito?,Gálatas,Filemom|Judas|Gálatas
intermediate,hard,"Qual carta fala dos dons ministeriais como apóstolos, profetas, evangelistas, pastores e mestres?",Efésios,Efésios|1 João|Hebreus
intermediate,hard,Qual doutrina afirma que Deus é um só ser em três pessoas distintas?,Trindade,arianismo|modalismo|Trindade
intermediate,hard,Qual alternativa descreve melhor a doutrina cristã histórica da Trindade?,"um só Deus em três pessoas distintas: Pai, Filho e Espírito Santo","três deuses unidos por uma mesma missão|um Deus que apenas aparece em três modos temporários|um só Deus em três pessoas distintas: Pai, Filho e Espírito Santo"
intermediate,hard,"Qual heresia entende Pai, Filho e Espírito como apenas modos ou manifestações sucessivas de Deus?",modalismo,pelagianismo|modalismo|nestorianismo
intermediate,hard,"Qual heresia negava a plena divindade do Filho, considerando-o criatura exaltada?",arianismo,monotelismo|donatismo|arianismo
intermediate,hard,Qual heresia foi associada à divisão excessiva entre as naturezas de Cristo?,nestorianismo,sabelianismo|nestorianismo|marcionismo
intermediate,hard,Qual heresia afirmava que Cristo teria apenas uma natureza após a encarnação?,monofisismo,pelagianismo|adocionismo|monofisismo
intermediate,hard,"Qual controvérsia cristológica tratou da vontade de Cristo, afirmando contra o erro que ele possui vontade divina e humana?",monotelismo,gnosticismo|donatismo|monotelismo
intermediate,hard,Qual heresia ensinava que Jesus apenas parecia ter corpo humano real?,docetismo,macedonianismo|arianismo|docetismo
intermediate,hard,Qual movimento antigo via a salvação principalmente como libertação por conhecimento secreto?,gnosticismo,gnosticismo|luteranismo|montanismo
intermediate,hard,Qual heresia minimizava a necessidade da graça ao enfatizar a capacidade humana de obedecer a Deus por si mesma?,pelagianismo,monofisismo|apolinarianismo|pelagianismo
intermediate,hard,Qual controvérsia tratou da validade dos sacramentos administrados por líderes moralmente falhos?,donatismo,arianismo|nestorianismo|donatismo
intermediate,hard,Qual heresia rejeitava o Antigo Testamento e opunha o Deus de Israel ao Deus revelado por Jesus?,marcionismo,monotelismo|marcionismo|pelagianismo
intermediate,hard,Qual heresia negava a plena divindade do Espírito Santo?,macedonianismo,macedonianismo|ebionismo|docetismo
intermediate,hard,Qual visão antiga via Jesus como homem adotado por Deus em algum momento de sua vida?,adocionismo,adocionismo|maniqueísmo|triteísmo
intermediate,hard,"Qual doutrina afirma que Cristo é uma pessoa com duas naturezas, divina e humana?",união hipostática,união hipostática|iluminação geral|transubstanciação
intermediate,hard,Qual expressão resume a compreensão cristã clássica de Cristo definida em Calcedônia?,verdadeiramente Deus e verdadeiramente homem,meio divino e meio humano|humano apenas na aparência|verdadeiramente Deus e verdadeiramente homem
intermediate,hard,Qual termo teológico designa o pecado herdado e a condição humana caída em Adão?,pecado original,união mística|pecado original|perfeição cristã
intermediate,hard,Qual doutrina trata da obra de Cristo em reconciliar pecadores com Deus?,expiação,providência|santificação|expiação
intermediate,hard,Qual termo descreve o processo de crescimento do cristão em conformidade com Cristo?,santificação,santificação|justificação|encarnação
intermediate,hard,Qual termo descreve o ato gracioso de Deus declarar justo o pecador unido a Cristo?,justificação,glorificação|revelação geral|justificação
intermediate,hard,Qual concílio é especialmente lembrado por condenar o arianismo e afirmar a divindade do Filho?,Niceia I,Niceia I|Trento|Latão IV
intermediate,hard,Em que ano ocorreu o Concílio de Niceia I?,325,451|325|1054
intermediate,hard,Qual imperador convocou o Concílio de Niceia I?,Constantino,Teodósio II|Carlos Magno|Constantino
intermediate,hard,Qual concílio reafirmou Niceia e tratou da divindade do Espírito Santo?,Constantinopla I,Éfeso|Vaticano I|Constantinopla I
intermediate,hard,Em que ano ocorreu o Concílio de Constantinopla I?,381,431|381|787
intermediate,hard,Qual concílio está associado à condenação do nestorianismo e à discussão sobre Maria como Theotokos?,Éfeso,Niceia II|Éfeso|Trento
intermediate,hard,Em que ano ocorreu o Concílio de Éfeso?,431,553|431|325
intermediate,hard,Qual título aplicado a Maria foi defendido em Éfeso para proteger a unidade da pessoa de Cristo?,Theotokos,Sola Scriptura|Theotokos|Imago Dei
intermediate,hard,"Qual concílio afirmou Cristo em duas naturezas, sem confusão, mudança, divisão ou separação?",Calcedônia,Jerusalém|Calcedônia|Vaticano II
intermediate,hard,Em que ano ocorreu o Concílio de Calcedônia?,451,381|451|1517
intermediate,hard,Qual concílio tratou da controvérsia iconoclasta e defendeu a veneração de ícones?,Niceia II,Niceia II|Constantinopla I|Niceia I
intermediate,hard,Em que ano ocorreu o Concílio de Niceia II?,787,325|787|431
intermediate,hard,Qual credo começa com a confissão “Creio em Deus Pai Todo-Poderoso” em sua forma tradicional?,Credo Apostólico,Credo Apostólico|Confissão de Westminster|Catecismo de Heidelberg
intermediate,hard,Qual credo é fruto do desenvolvimento ligado a Niceia e Constantinopla?,Credo Niceno-Constantinopolitano,Confissão de Augsburgo|Credo de Calcedônia|Credo Niceno-Constantinopolitano
intermediate,hard,Qual símbolo de fé é conhecido por sua formulação detalhada da doutrina trinitária e cristológica?,Credo Atanasiano,Confissão Belga|Credo Atanasiano|Catecismo de Dort
intermediate,hard,Qual pai da igreja ficou conhecido como grande defensor da divindade de Cristo contra os arianos?,Atanásio,Atanásio|Tertuliano|Jerônimo
intermediate,hard,Qual frase resume a postura atribuída a Atanásio diante da pressão ariana?,Atanásio contra o mundo,Atanásio contra o mundo|Somente a fé justifica|O mundo é minha paróquia
intermediate,hard,Qual teólogo antigo é frequentemente associado à expressão “Trindade” no vocabulário latino?,Tertuliano,Orígenes|Crisóstomo|Tertuliano
intermediate,hard,Qual pai da igreja traduziu a Bíblia para o latim na versão conhecida como Vulgata?,Jerônimo,Basílio|Jerônimo|Irineu
intermediate,hard,Qual pai da igreja escreveu Confissões e A Cidade de Deus?,Agostinho,Anselmo|Tomás de Aquino|Agostinho
intermediate,hard,Qual pai da igreja combateu o pelagianismo de forma decisiva?,Agostinho,Agostinho|Inácio de Antioquia|Justino Mártir
intermediate,hard,Qual pai apostólico escreveu cartas no caminho para o martírio e enfatizou a unidade da igreja?,Inácio de Antioquia,Gregório de Nissa|Cipriano de Cartago|Inácio de Antioquia
intermediate,hard,Qual pai apostólico é associado a uma carta aos coríntios no fim do primeiro século?,Clemente de Roma,Policarpo|Orígenes|Clemente de Roma
intermediate,hard,Qual discípulo de João foi bispo de Esmirna e mártir?,Policarpo,Policarpo|Hilário de Poitiers|Eusébio
intermediate,hard,Qual escritor cristão antigo é conhecido como “pai da história da igreja”?,Eusébio de Cesareia,João Cassiano|Agostinho|Eusébio de Cesareia
intermediate,hard,Qual apologista do segundo século escreveu uma Defesa do cristianismo dirigida ao imperador?,Justino Mártir,Justino Mártir|Anselmo|Bernardo de Claraval
intermediate,hard,Qual obra de Irineu combateu o gnosticismo?,Contra as Heresias,Institutas|Contra as Heresias|Suma Teológica
intermediate,hard,Qual escola antiga é frequentemente associada a uma interpretação mais alegórica das Escrituras?,Alexandria,Alexandria|Antioquia|Roma
intermediate,hard,Qual escola antiga é frequentemente associada a maior ênfase no sentido histórico e literal do texto?,Antioquia,Alexandria|Antioquia|Cartago
intermediate,hard,Qual teólogo de Alexandria ficou conhecido por sua erudição bíblica e método alegórico?,Orígenes,Leão Magno|Ambrósio|Orígenes
intermediate,hard,Qual bispo de Milão influenciou a conversão de Agostinho?,Ambrósio,Atanásio|Clemente de Alexandria|Ambrósio
intermediate,hard,Qual líder cristão é associado ao Édito de Milão por sua relação com Constantino e a tolerância ao cristianismo?,Constantino,Nero|Constantino|Diocleciano
intermediate,hard,Qual imperador é associado a uma forte perseguição aos cristãos no início do século IV?,Diocleciano,Diocleciano|Carlos Magno|Teodósio
intermediate,hard,Qual imperador tornou o cristianismo niceno religião oficial do Império Romano?,Teodósio I,Constantino|Teodósio I|Juliano
intermediate,hard,Qual evento de 1054 é conhecido como ruptura entre cristianismo oriental e ocidental?,Grande Cisma,Grande Cisma|Concílio de Trento|Reforma Protestante
intermediate,hard,Qual termo designa a controvérsia medieval sobre a cláusula “e do Filho” no credo?,Filioque,Theotokos|Sola fide|Filioque
intermediate,hard,Qual tradição cristã oriental rejeitou a formulação de Calcedônia?,igrejas ortodoxas orientais,igrejas ortodoxas orientais|igrejas luteranas|igrejas reformadas
intermediate,hard,Qual líder monástico é associado à Regra que influenciou profundamente o monasticismo ocidental?,Bento de Núrsia,Jonathan Edwards|Bento de Núrsia|Francisco Xavier
intermediate,hard,Qual movimento monástico surgiu no deserto do Egito com figuras como Antão?,monasticismo do deserto,pietismo|puritanismo|monasticismo do deserto
intermediate,hard,Qual papa é conhecido por enviar Agostinho de Cantuária em missão aos anglo-saxões?,Gregório Magno,Inocêncio III|Gregório Magno|Leão X
intermediate,hard,Qual bispo de Roma escreveu o Tomo que influenciou Calcedônia?,Leão Magno,Urbano II|Gregório VII|Leão Magno
intermediate,hard,Qual concílio medieval está associado à definição formal da transubstanciação no Ocidente?,Latão IV,Dort|Niceia I|Latão IV
intermediate,hard,Qual concílio foi convocado como resposta católica à Reforma Protestante?,Trento,Éfeso|Vaticano II|Trento
intermediate,hard,Qual concílio do século XX tratou de renovação pastoral e relação da Igreja Católica com o mundo moderno?,Vaticano II,Vaticano II|Vaticano I|Calcedônia
intermediate,hard,Qual termo se refere à destruição ou rejeição de imagens religiosas?,iconoclasmo,monasticismo|iconoclasmo|escolasticismo
intermediate,hard,Qual movimento antigo enfatizou novas profecias rigorosas e foi associado a Montano?,montanismo,arianismo|donatismo|montanismo
intermediate,hard,Qual pai capadócio é conhecido por defender a divindade do Espírito Santo?,Basílio de Cesareia,Pelágio|Basílio de Cesareia|Marcião
intermediate,hard,Quais três teólogos são conhecidos como os capadócios?,"Basílio, Gregório de Nazianzo e Gregório de Nissa","Agostinho, Jerônimo e Ambrósio|Basílio, Gregório de Nazianzo e Gregório de Nissa|Lutero, Calvino e Zuínglio"
intermediate,hard,Qual teólogo recebeu o título de “Boca de Ouro” por sua pregação?,João Crisóstomo,Cipriano|João Crisóstomo|Atanásio
intermediate,hard,Qual líder cristão escreveu sobre a unidade da igreja e atuou em Cartago durante controvérsias sobre lapsos?,Cipriano,Wycliffe|Cipriano|Anselmo
intermediate,hard,Qual grupo era chamado de “lapsi” na igreja antiga?,cristãos que negaram a fé sob perseguição e depois quiseram retornar,bispos que participaram do Concílio de Niceia|monges que viviam no deserto sem comunidade|cristãos que negaram a fé sob perseguição e depois quiseram retornar
intermediate,hard,Qual perseguição é associada ao imperador Nero após o incêndio de Roma?,a perseguição aos cristãos em Roma no século I,a condenação de Lutero em Worms|a perseguição aos cristãos em Roma no século I|a cruzada contra os albigenses
intermediate,hard,Qual documento de 313 concedeu tolerância legal ao cristianismo no Império Romano?,Édito de Milão,Édito de Nantes|Édito de Milão|Confissão de Augsburgo
intermediate,hard,Qual cidade foi fundada como nova capital imperial e depois tornou-se centro do cristianismo oriental?,Constantinopla,Alexandria|Constantinopla|Cartago
intermediate,hard,Qual termo descreve a reunião oficial de bispos para resolver questões doutrinárias ou disciplinares?,concílio,sínese|concílio|midrash
intermediate,hard,Qual teólogo medieval é conhecido pelo argumento ontológico da existência de Deus?,Anselmo de Cantuária,Anselmo de Cantuária|Ulrich Zuínglio|Tomás Cranmer
intermediate,hard,Qual teólogo medieval escreveu a Suma Teológica?,Tomás de Aquino,Martinho Lutero|Tomás de Aquino|Karl Barth
intermediate,hard,Qual movimento medieval buscava articular fé e razão por meio de método acadêmico rigoroso?,escolasticismo,pietismo|avivalismo|escolasticismo
intermediate,hard,Qual evento de 1517 é tradicionalmente associado ao início simbólico da Reforma Protestante?,a publicação das 95 teses de Lutero,a queda de Constantinopla|a assinatura do Édito de Milão|a publicação das 95 teses de Lutero
intermediate,hard,Qual prática da igreja medieval foi diretamente criticada nas 95 teses de Lutero?,a venda de indulgências,a tradução da Bíblia para o latim|a pregação expositiva|a venda de indulgências
intermediate,hard,Qual papa estava no poder quando Lutero publicou as 95 teses?,Leão X,Leão X|Gregório Magno|Inocêncio I
intermediate,hard,Qual cidade é fortemente associada ao ministério reformador de João Calvino?,Genebra,Canterbury|Genebra|Roma
intermediate,hard,Qual obra sistemática é associada a João Calvino?,Institutas da Religião Cristã,Mero Cristianismo|Institutas da Religião Cristã|Confissões
intermediate,hard,Qual reformador é associado de modo marcante à cidade de Zurique?,Ulrich Zuínglio,John Knox|Ulrich Zuínglio|Jacó Armínio
intermediate,hard,Qual reformador escocês foi uma figura decisiva para o presbiterianismo?,John Knox,Menno Simons|John Knox|Philip Melanchthon
intermediate,hard,Qual colaborador de Lutero ficou conhecido como importante sistematizador da Reforma luterana?,Philip Melanchthon,George Whitefield|Philip Melanchthon|William Carey
intermediate,hard,Qual confissão de 1530 é documento central do luteranismo?,Confissão de Augsburgo,Confissão Belga|Confissão de Westminster|Confissão de Augsburgo
intermediate,hard,Qual confissão reformada foi produzida pela Assembleia de Westminster?,Confissão de Fé de Westminster,Confissão de Fé de Westminster|Declaração de Barmen|Confissão de Augsburgo
intermediate,hard,Qual catecismo reformado inicia com a pergunta sobre o único conforto na vida e na morte?,Catecismo de Heidelberg,Catecismo Romano|Catecismo Menor de Lutero|Catecismo de Heidelberg
intermediate,hard,Qual documento reformado responde aos cinco pontos dos Remonstrantes?,Cânones de Dort,Credo Atanasiano|Declaração de Lausanne|Cânones de Dort
intermediate,hard,Qual teólogo está associado ao arminianismo clássico?,Jacó Armínio,Jacó Armínio|Martinho Bucer|João Calvino
intermediate,hard,Qual grupo protestante enfatizava o batismo de crentes e foi perseguido por católicos e protestantes magisteriais?,anabatistas,jansenistas|anabatistas|jesuítas
intermediate,hard,Qual líder anabatista é associado à tradição menonita?,Menno Simons,Menno Simons|Balthasar Hubmaier|John Wesley
intermediate,hard,Qual expressão resume um princípio reformador sobre a autoridade final da Escritura?,Sola Scriptura,Sola Scriptura|Via Media|Ex opere operato
intermediate,hard,"Qual dos “solas” enfatiza que a salvação é recebida pela fé, não por mérito humano?",Sola fide,Sola fide|Solus Christus|Soli Deo Gloria
intermediate,hard,Qual dos “solas” enfatiza que Cristo é o único mediador e fundamento da salvação?,Solus Christus,Sola Scriptura|Sola gratia|Solus Christus
intermediate,hard,Qual dos “solas” enfatiza que a salvação é dom gratuito de Deus?,Sola gratia,Soli Deo Gloria|Sola gratia|Sola fide
intermediate,hard,Qual dos “solas” afirma que toda glória pertence somente a Deus?,Soli Deo Gloria,Soli Deo Gloria|Sola Scriptura|Solus Christus
intermediate,hard,"Qual movimento católico surgiu como resposta reformadora e missionária no século XVI, ligado a Inácio de Loyola?",Companhia de Jesus,Pietismo|Puritanismo|Companhia de Jesus
intermediate,hard,Qual concílio católico reafirmou doutrinas romanas e respondeu à Reforma?,Concílio de Trento,Concílio de Trento|Concílio de Dort|Concílio de Niceia
intermediate,hard,Qual reforma inglesa foi consolidada de modo duradouro no reinado de Elizabeth I?,a Reforma Anglicana,a Reforma Anglicana|a Reforma Radical|a Reforma Genebrina
intermediate,hard,Qual documento litúrgico é central para a tradição anglicana?,Livro de Oração Comum,Institutas|Livro de Oração Comum|Catecismo de Heidelberg
intermediate,hard,Qual arcebispo de Cantuária foi importante na formulação do Livro de Oração Comum?,Thomas Cranmer,George Fox|Thomas Cranmer|John Owen
intermediate,hard,Qual movimento inglês buscava purificar a igreja de práticas consideradas remanescentes do catolicismo romano?,puritanismo,metodismo|puritanismo|pietismo
intermediate,hard,Qual teólogo puritano escreveu A Morte da Morte na Morte de Cristo?,John Owen,John Owen|Richard Baxter|Jonathan Edwards
intermediate,hard,Qual pastor puritano escreveu O Peregrino?,John Bunyan,John Knox|John Wycliffe|John Bunyan
intermediate,hard,Qual teólogo inglês anterior à Reforma é conhecido por defender a tradução da Bíblia e criticar abusos da igreja?,John Wycliffe,John Wycliffe|John Stott|John Wesley
intermediate,hard,Qual reformador boêmio foi executado antes da Reforma Protestante e influenciou movimentos posteriores?,Jan Hus,Francisco de Assis|Jacó Armínio|Jan Hus
intermediate,hard,"Qual movimento enfatizou piedade prática, pequenos grupos e renovação espiritual dentro do luteranismo?",pietismo,pietismo|deísmo|escolasticismo
intermediate,hard,Qual líder é frequentemente associado ao início do metodismo?,John Wesley,John Calvin|John Wesley|John Chrysostom
intermediate,hard,Qual pregador avivalista do século XVIII é associado ao Grande Despertamento e à pregação ao ar livre?,George Whitefield,George Whitefield|Karl Barth|N. T. Wright
intermediate,hard,Qual teólogo norte-americano pregou “Pecadores nas mãos de um Deus irado”?,Jonathan Edwards,Jonathan Edwards|Charles Spurgeon|Billy Graham
intermediate,hard,Qual movimento do século XVIII é conhecido como Primeiro Grande Despertamento?,um avivamento protestante na Grã-Bretanha e nas colônias americanas,um avivamento protestante na Grã-Bretanha e nas colônias americanas|uma reforma litúrgica do Concílio de Trento|um movimento monástico no deserto egípcio
intermediate,hard,Quem é frequentemente chamado de “pai das missões modernas”?,William Carey,William Carey|David Livingstone|Hudson Taylor
intermediate,hard,Qual missionário fundou a China Inland Mission?,Hudson Taylor,Hudson Taylor|William Tyndale|John Eliot
intermediate,hard,Qual missionário é associado à tradução da Bíblia para povos indígenas na América do Norte e chamado de “apóstolo dos índios”?,John Eliot,Jim Elliot|John Eliot|David Brainerd
intermediate,hard,"Qual missionário e explorador ficou associado à África e à frase sobre levar cristianismo, comércio e civilização?",David Livingstone,Samuel Zwemer|Adoniram Judson|David Livingstone
intermediate,hard,Qual missionário norte-americano trabalhou na Birmânia e é conhecido por tradução bíblica?,Adoniram Judson,Adoniram Judson|Charles Finney|John Piper
intermediate,hard,Qual missionário foi morto no Equador com outros missionários em 1956?,Jim Elliot,Billy Sunday|Jim Elliot|A. W. Tozer
intermediate,hard,Qual frase de Jim Elliot é famosa por afirmar que não é tolo dar o que não se pode reter para ganhar o que não se pode perder?,uma reflexão sobre entrega e valor eterno,uma reflexão sobre entrega e valor eterno|uma defesa da prosperidade material|uma crítica à tradução bíblica
intermediate,hard,Qual movimento missionário estudantil popularizou o lema de evangelizar o mundo nesta geração?,Student Volunteer Movement,Igreja Confessante|Student Volunteer Movement|Movimento de Oxford
intermediate,hard,Qual conferência de 1910 é frequentemente lembrada como marco do movimento missionário moderno?,Edimburgo 1910,Edimburgo 1910|Dort 1618|Lausanne 1974
intermediate,hard,Qual congresso evangélico de 1974 produziu o Pacto de Lausanne?,Congresso de Lausanne,Sínodo de Dort|Concílio de Trento|Congresso de Lausanne
intermediate,hard,Qual líder evangélico é fortemente associado ao Congresso de Lausanne e à evangelização mundial?,Billy Graham,Billy Graham|Tomás de Aquino|Bento de Núrsia
intermediate,hard,Qual teólogo anglicano escreveu Cristianismo Básico e foi importante em Lausanne?,John Stott,John Stott|Friedrich Schleiermacher|Karl Rahner
intermediate,hard,Qual tradição cristã surgiu do ministério de John Wesley e da renovação metodista?,metodismo,luteranismo|metodismo|presbiterianismo
intermediate,hard,Qual movimento pentecostal do início do século XX ficou associado à Rua Azusa?,avivamento pentecostal moderno,avivamento pentecostal moderno|Reforma Radical|puritanismo inglês
intermediate,hard,Qual pregador é associado à liderança do avivamento da Rua Azusa?,William J. Seymour,George Müller|William J. Seymour|Martyn Lloyd-Jones
intermediate,hard,Qual movimento do século XIX enfatizou a santidade cristã e influenciou o pentecostalismo?,movimento de santidade,iconoclasmo|movimento de santidade|jansenismo
intermediate,hard,A frase “fé procurando entendimento” é tradicionalmente associada a:,Anselmo de Cantuária,Anselmo de Cantuária|João Wesley|Friedrich Nietzsche
intermediate,hard,A expressão de que o coração humano é uma “fábrica de ídolos” é geralmente associada a:,João Calvino,Tomás de Aquino|C. S. Lewis|João Calvino
intermediate,hard,A frase “o mundo é minha paróquia” é associada principalmente a:,John Wesley,John Wesley|Martinho Lutero|Karl Barth
intermediate,hard,A expressão “graça barata” é fortemente associada à crítica de qual teólogo?,Dietrich Bonhoeffer,Agostinho|George Whitefield|Dietrich Bonhoeffer
intermediate,hard,Qual teólogo escreveu O Custo do Discipulado?,Dietrich Bonhoeffer,João Calvino|R. C. Sproul|Dietrich Bonhoeffer
intermediate,hard,Qual teólogo suíço escreveu a monumental Dogmática da Igreja?,Karl Barth,John Stott|Jonathan Edwards|Karl Barth
intermediate,hard,Qual obra de C. S. Lewis apresenta uma defesa acessível da fé cristã a partir de palestras de rádio?,Mero Cristianismo,Institutas|Mero Cristianismo|A Cidade de Deus
intermediate,hard,Qual autor escreveu As Crônicas de Nárnia e também obras apologéticas cristãs?,C. S. Lewis,C. S. Lewis|Francis Schaeffer|J. I. Packer
intermediate,hard,Qual teólogo evangélico escreveu O Conhecimento de Deus?,J. I. Packer,Karl Barth|J. I. Packer|Thomas Cranmer
intermediate,hard,Qual pastor inglês ficou conhecido como “Príncipe dos Pregadores”?,Charles Spurgeon,Charles Spurgeon|John Wesley|John Knox
intermediate,hard,Qual pastor e médico galês foi conhecido por sua pregação expositiva na Capela de Westminster?,Martyn Lloyd-Jones,Martyn Lloyd-Jones|John Bunyan|Billy Graham
intermediate,hard,Qual evangelista ficou mundialmente conhecido por grandes cruzadas evangelísticas no século XX?,Billy Graham,Bento de Núrsia|John Owen|Billy Graham
intermediate,hard,Qual escritor cristão escreveu Ortodoxia e O Homem Eterno?,G. K. Chesterton,Rudolf Bultmann|G. K. Chesterton|Tomás Cranmer
intermediate,hard,Qual teólogo alemão é associado à desmitologização no século XX?,Rudolf Bultmann,John Stott|Atanásio|Rudolf Bultmann
intermediate,hard,Qual teólogo reformado contemporâneo é conhecido pelo ministério Ligonier e pela ênfase na santidade de Deus?,R. C. Sproul,N. T. Wright|Karl Rahner|R. C. Sproul
intermediate,hard,Qual teólogo/pastor é conhecido pela frase “Deus é mais glorificado em nós quando estamos mais satisfeitos nele”?,John Piper,John Piper|John Wesley|John Chrysostom
intermediate,hard,Qual teólogo anglicano escreveu A Cruz de Cristo?,John Stott,Jonathan Edwards|Ulrich Zuínglio|John Stott
intermediate,hard,"Qual teólogo britânico é conhecido por estudos sobre Paulo, Jesus e o “novo mundo de Deus” inaugurado na ressurreição?",N. T. Wright,Anselmo|John Owen|N. T. Wright
intermediate,hard,Qual teólogo é associado ao conceito de “missão integral” no contexto latino-americano evangélico?,René Padilla,Pelágio|Marcião|René Padilla
intermediate,hard,Qual teólogo latino-americano também é associado à missão integral e à Fraternidade Teológica Latino-Americana?,Samuel Escobar,Samuel Escobar|Gregório de Nissa|John Knox
intermediate,hard,Qual autor cristão escreveu A Cruz de Cristo e foi importante no Pacto de Lausanne?,John Stott,John Stott|Blaise Pascal|Francis Schaeffer
intermediate,hard,Qual teólogo escreveu A Instituição da Religião Cristã?,João Calvino,João Calvino|Martinho Lutero|Thomas Cranmer
intermediate,hard,Qual reformador traduziu o Novo Testamento para o alemão a partir do grego durante seu período no Castelo de Wartburg?,Martinho Lutero,John Knox|João Calvino|Martinho Lutero
intermediate,hard,Qual tradutor inglês foi executado e é lembrado por seu trabalho na tradução da Bíblia para o inglês?,William Tyndale,William Tyndale|J. C. Ryle|George Müller
intermediate,hard,Qual pastor anglicano do século XIX escreveu Santidade e é frequentemente associado à tradição evangélica inglesa?,J. C. Ryle,Tomás de Aquino|Karl Barth|J. C. Ryle
intermediate,hard,"Qual escritor puritano escreveu O Cristão em Viagem, conhecido em português como O Peregrino?",John Bunyan,John Bunyan|George Whitefield|Rudolf Bultmann
intermediate,hard,Qual teólogo puritano é associado à obra A Mortificação do Pecado?,John Owen,C. S. Lewis|John Owen|John Stott
intermediate,hard,Qual pastor e escritor do século XX escreveu O Conhecimento do Santo?,A. W. Tozer,A. W. Tozer|João Crisóstomo|N. T. Wright
intermediate,hard,Qual escritor cristão é conhecido por O Deus que Intervém e por atuação em L'Abri?,Francis Schaeffer,Ulrich Zuínglio|Agostinho|Francis Schaeffer
intermediate,hard,"Qual teólogo é conhecido por Cristianismo e Liberalismo, obra crítica ao liberalismo teológico?",J. Gresham Machen,Atanásio|John Wesley|J. Gresham Machen
intermediate,hard,Qual teólogo reformado de Princeton escreveu Teologia Sistemática em três volumes no século XIX?,Charles Hodge,Charles Hodge|Inácio de Antioquia|Billy Graham
intermediate,hard,Qual teólogo reformado holandês escreveu Dogmática Reformada?,Herman Bavinck,Rudolf Bultmann|Herman Bavinck|Francisco de Assis
intermediate,hard,"Qual líder holandês foi teólogo, político e associado à frase sobre Cristo reivindicar cada centímetro da criação?",Abraham Kuyper,John Knox|Pelágio|Abraham Kuyper
intermediate,hard,Qual teólogo alemão é associado à Declaração de Barmen contra a influência nazista sobre a igreja?,Karl Barth,George Whitefield|Martinho Bucer|Karl Barth
intermediate,hard,Qual pastor alemão participou da resistência ao nazismo e foi executado em 1945?,Dietrich Bonhoeffer,Bento de Núrsia|Dietrich Bonhoeffer|William Carey
intermediate,hard,"Qual escritor cristão antigo disse de forma clássica: “fizeste-nos para ti, e inquieto está o nosso coração...”?",Agostinho,Irineu|Agostinho|Tertuliano
intermediate,hard,Qual frase curta é associada a Agostinho e resume uma ética orientada pelo amor?,Ama e faze o que quiseres,"Aqui estou, não posso fazer outra coisa|O mundo é minha paróquia|Ama e faze o que quiseres"
intermediate,hard,A frase “Aqui estou – não posso fazer outra coisa” é associada a qual reformador?,Martinho Lutero,Martinho Lutero|John Wesley|João Calvino
intermediate,hard,A ideia de que a justificação é o artigo pelo qual a igreja fica de pé ou cai é associada principalmente à tradição de:,Martinho Lutero e a Reforma,Martinho Lutero e a Reforma|Pelágio e o ascetismo|Marcião e o gnosticismo
intermediate,hard,Qual frase é mais ligada à teologia reformada sobre a vida inteira diante de Deus?,Coram Deo,Cogito ergo sum|Coram Deo|Ex nihilo nihil fit
intermediate,hard,Qual expressão latina significa “somente a Escritura”?,Sola Scriptura,Semper Reformanda|Soli Deo Gloria|Sola Scriptura
intermediate,hard,Qual expressão reformada significa que a igreja deve estar sempre sendo reformada segundo a Palavra de Deus?,"Ecclesia reformata, semper reformanda","Lex orandi, lex credendi|Ecclesia reformata, semper reformanda|Extra ecclesiam nulla salus"
intermediate,hard,Qual expressão latina significa “a Deus somente a glória”?,Soli Deo Gloria,Soli Deo Gloria|Sola fide|Sola gratia
intermediate,hard,"Qual teólogo é conhecido por formular “não compreender para crer, mas crer para compreender”?",Anselmo,Rousseau|Anselmo|Nietzsche
intermediate,hard,Qual autor escreveu Cristianismo Básico e Por Que Sou Cristão?,John Stott,John Stott|John Wycliffe|John Owen
intermediate,hard,Qual escritor cristão é famoso por Cartas de um Diabo a seu Aprendiz?,C. S. Lewis,C. S. Lewis|Karl Barth|J. I. Packer
intermediate,hard,Qual teólogo é associado à expressão “Deus é totalmente outro” no contexto da teologia dialética?,Karl Barth,Tomás de Aquino|Karl Barth|J. C. Ryle
intermediate,hard,Qual teólogo protestante liberal é conhecido por definir religião como sentimento de dependência absoluta?,Friedrich Schleiermacher,George Müller|Friedrich Schleiermacher|João Calvino
intermediate,hard,Qual pastor ficou conhecido por cuidar de órfãos em Bristol e pela ênfase na oração confiante?,George Müller,George Müller|Tomás de Aquino|Billy Sunday
intermediate,hard,"Qual pastor presbiteriano moderno é conhecido por integrar apologética, cultura urbana e evangelho em sua pregação?",Tim Keller,Cipriano|Tim Keller|Marcião
intermediate,hard,Qual teólogo/pastor é associado ao livro Igreja Centrada?,Tim Keller,Tim Keller|Justino Mártir|Tertuliano
